SpecNo,sample,nanopore,run,barcode,primer
NV360694,SHEF-CC3DA,20200521_1639_X1_FAL53749_d337d0ff,covid19-20200521-1590078499,23,V3
NV360452,SHEF-CAD56,20200521_1639_X1_FAL53749_d337d0ff,covid19-20200521-1590078499,22,V3
NV360221,SHEF-CEBFE,20200521_1639_X1_FAL53749_d337d0ff,covid19-20200521-1590078499,21,V3
NV361059,SHEF-C1F86,20200521_1639_X1_FAL53749_d337d0ff,covid19-20200521-1590078499,20,V3
NV361055,SHEF-C0A68,20200521_1639_X1_FAL53749_d337d0ff,covid19-20200521-1590078499,19,V3
NV361068,SHEF-C7B40,20200521_1639_X1_FAL53749_d337d0ff,covid19-20200521-1590078499,18,V3
NV360395,SHEF-C930A,20200521_1639_X1_FAL53749_d337d0ff,covid19-20200521-1590078499,17,V3
NV360214,SHEF-C6D4B,20200521_1639_X1_FAL53749_d337d0ff,covid19-20200521-1590078499,16,V3
NV360209,SHEF-C0C08,20200521_1639_X1_FAL53749_d337d0ff,covid19-20200521-1590078499,15,V3
NV361039,SHEF-C179D,20200521_1639_X1_FAL53749_d337d0ff,covid19-20200521-1590078499,14,V3
NV360156,SHEF-C3063,20200521_1639_X1_FAL53749_d337d0ff,covid19-20200521-1590078499,13,V3
NV346869,SHEF-CAC59,20200520_1516_X3_FAN43274_21572fe0,covid19-20200520-1589987651,22,V3
NV344414,SHEF-CFDBB,20200520_1516_X3_FAN43274_21572fe0,covid19-20200520-1589987651,21,V3
NV359962,SHEF-C4D6B,20200520_1516_X3_FAN43274_21572fe0,covid19-20200520-1589987651,20,V3
NV359418,SHEF-CD807,20200520_1516_X3_FAN43274_21572fe0,covid19-20200520-1589987651,19,V3
NV359399,SHEF-C88A2,20200520_1516_X3_FAN43274_21572fe0,covid19-20200520-1589987651,18,V3
NV360155,SHEF-C2AC0,20200520_1516_X3_FAN43274_21572fe0,covid19-20200520-1589987651,17,V3
NV360043,SHEF-C2BDC,20200520_1516_X3_FAN43274_21572fe0,covid19-20200520-1589987651,16,V3
NV360048,SHEF-C4615,20200520_1516_X3_FAN43274_21572fe0,covid19-20200520-1589987651,15,V3
NV360035,SHEF-CDA3E,20200520_1516_X3_FAN43274_21572fe0,covid19-20200520-1589987651,14,V3
NV360046,SHEF-C3C7E,20200520_1516_X3_FAN43274_21572fe0,covid19-20200520-1589987651,13,V3
NV358964,SHEF-C51B9,20200520_1516_X3_FAN43274_21572fe0,covid19-20200520-1589987651,12,V3
NV358978,SHEF-C4C7D,20200520_1516_X3_FAN43274_21572fe0,covid19-20200520-1589987651,11,V3
NV358974,SHEF-CA05D,20200520_1516_X3_FAN43274_21572fe0,covid19-20200520-1589987651,10,V3
NV358966,SHEF-D2CE5,20200520_1516_X3_FAN43274_21572fe0,covid19-20200520-1589987651,9,V3
NV360030,SHEF-CDE8D,20200520_1516_X3_FAN43274_21572fe0,covid19-20200520-1589987651,8,V3
NV360033,SHEF-D31E5,20200520_1516_X3_FAN43274_21572fe0,covid19-20200520-1589987651,7,V3
NV359974,SHEF-CD1DF,20200520_1516_X3_FAN43274_21572fe0,covid19-20200520-1589987651,6,V3
NV359972,SHEF-C29C3,20200520_1516_X3_FAN43274_21572fe0,covid19-20200520-1589987651,5,V3
NV360094,SHEF-CC4AA,20200520_1516_X3_FAN43274_21572fe0,covid19-20200520-1589987651,4,V3
NV367185,SHEF-CC923,20200520_1516_X3_FAN43274_21572fe0,covid19-20200520-1589987651,1,V3
NV359331,SHEF-CDD17,20200520_1406_X5_FAN42870_193d3c47,covid19-20200520-1589983420,23,V3
NV359347,SHEF-CF6ED,20200520_1406_X5_FAN42870_193d3c47,covid19-20200520-1589983420,22,V3
NV359333,SHEF-CCE7F,20200520_1406_X5_FAN42870_193d3c47,covid19-20200520-1589983420,20,V3
NV358979,SHEF-C20BF,20200520_1406_X5_FAN42870_193d3c47,covid19-20200520-1589983420,19,V3
NV358980,SHEF-D2DA6,20200520_1406_X5_FAN42870_193d3c47,covid19-20200520-1589983420,18,V3
NV359205,SHEF-D2AFA,20200520_1406_X5_FAN42870_193d3c47,covid19-20200520-1589983420,17,V3
NV359356,SHEF-C724B,20200520_1406_X5_FAN42870_193d3c47,covid19-20200520-1589983420,16,V3
NV359165,SHEF-D2E2B,20200520_1406_X5_FAN42870_193d3c47,covid19-20200520-1589983420,15,V3
NV359946,SHEF-CDB2C,20200520_1406_X5_FAN42870_193d3c47,covid19-20200520-1589983420,14,V3
NV359954,SHEF-C7102,20200520_1406_X5_FAN42870_193d3c47,covid19-20200520-1589983420,13,V3
NV359860,SHEF-CBA03,20200520_1406_X5_FAN42870_193d3c47,covid19-20200520-1589983420,12,V3
NV359858,SHEF-CCDBE,20200520_1406_X5_FAN42870_193d3c47,covid19-20200520-1589983420,11,V3
NV359364,SHEF-CA4BB,20200520_1406_X5_FAN42870_193d3c47,covid19-20200520-1589983420,10,V3
NV359355,SHEF-C81E3,20200520_1406_X5_FAN42870_193d3c47,covid19-20200520-1589983420,9,V3
NV359722,SHEF-C5614,20200520_1406_X5_FAN42870_193d3c47,covid19-20200520-1589983420,8,V3
NV359184,SHEF-C32F4,20200520_1406_X5_FAN42870_193d3c47,covid19-20200520-1589983420,7,V3
NV359721,SHEF-C7FBD,20200520_1406_X5_FAN42870_193d3c47,covid19-20200520-1589983420,6,V3
NV359274,SHEF-CA828,20200520_1406_X5_FAN42870_193d3c47,covid19-20200520-1589983420,5,V3
NV359677,SHEF-CEE31,20200520_1406_X5_FAN42870_193d3c47,covid19-20200520-1589983420,4,V3
NV359724,SHEF-C8CB5,20200520_1406_X5_FAN42870_193d3c47,covid19-20200520-1589983420,3,V3
NV359732,SHEF-CD38E,20200520_1406_X5_FAN42870_193d3c47,covid19-20200520-1589983420,2,V3
NV359169,SHEF-CB292,20200520_1406_X5_FAN42870_193d3c47,covid19-20200520-1589983420,1,V3
NV359167,SHEF-CAFC9,20200519_1425_X2_FAN46559_79acc59e,covid19-20200519-1589898228,23,V3
NV359090,SHEF-CB441,20200519_1425_X2_FAN46559_79acc59e,covid19-20200519-1589898228,22,V3
NV359092,SHEF-C5D97,20200519_1425_X2_FAN46559_79acc59e,covid19-20200519-1589898228,21,V3
NV359075,SHEF-D01CA,20200519_1425_X2_FAN46559_79acc59e,covid19-20200519-1589898228,20,V3
NV359606,SHEF-C225F,20200519_1425_X2_FAN46559_79acc59e,covid19-20200519-1589898228,19,V3
NV359733,SHEF-D11AB,20200519_1425_X2_FAN46559_79acc59e,covid19-20200519-1589898228,18,V3
NV359154,SHEF-CB502,20200519_1425_X2_FAN46559_79acc59e,covid19-20200519-1589898228,17,V3
NV359624,SHEF-C88DF,20200519_1425_X2_FAN46559_79acc59e,covid19-20200519-1589898228,16,V3
NV359623,SHEF-C8936,20200519_1425_X2_FAN46559_79acc59e,covid19-20200519-1589898228,15,V3
NV359590,SHEF-CA04E,20200519_1425_X2_FAN46559_79acc59e,covid19-20200519-1589898228,14,V3
NV359062,SHEF-C7D77,20200519_1425_X2_FAN46559_79acc59e,covid19-20200519-1589898228,13,V3
NV359855,SHEF-C6640,20200519_1425_X2_FAN46559_79acc59e,covid19-20200519-1589898228,12,V3
NV359841,SHEF-CB2A1,20200519_1425_X2_FAN46559_79acc59e,covid19-20200519-1589898228,11,V3
NV359596,SHEF-D132D,20200519_1425_X2_FAN46559_79acc59e,covid19-20200519-1589898228,10,V3
NV359065,SHEF-C0A95,20200519_1425_X2_FAN46559_79acc59e,covid19-20200519-1589898228,9,V3
NV359072,SHEF-C1C16,20200519_1425_X2_FAN46559_79acc59e,covid19-20200519-1589898228,8,V3
NV359076,SHEF-C33C4,20200519_1425_X2_FAN46559_79acc59e,covid19-20200519-1589898228,7,V3
NV359093,SHEF-C3FA2,20200519_1425_X2_FAN46559_79acc59e,covid19-20200519-1589898228,6,V3
NV359650,SHEF-D0BDB,20200519_1425_X2_FAN46559_79acc59e,covid19-20200519-1589898228,5,V3
NV359153,SHEF-D1369,20200519_1425_X2_FAN46559_79acc59e,covid19-20200519-1589898228,4,V3
NV359714,SHEF-C2AFD,20200519_1425_X2_FAN46559_79acc59e,covid19-20200519-1589898228,3,V3
NV359653,SHEF-D1F65,20200519_1425_X2_FAN46559_79acc59e,covid19-20200519-1589898228,2,V3
NV359365,SHEF-C47B8,20200519_1425_X2_FAN46559_79acc59e,covid19-20200519-1589898228,1,V3
NV359600,SHEF-C3C23,20200519_1419_X1_FAN22263_13c1e6fd,covid19-20200519-1589896608,23,V3
NV359463,SHEF-C2D6D,20200519_1419_X1_FAN22263_13c1e6fd,covid19-20200519-1589896608,22,V3
NV359550,SHEF-C7ECF,20200519_1419_X1_FAN22263_13c1e6fd,covid19-20200519-1589896608,21,V3
NV357485,SHEF-D2438,20200519_1419_X1_FAN22263_13c1e6fd,covid19-20200519-1589896608,20,V3
NV356534,SHEF-C65DA,20200519_1419_X1_FAN22263_13c1e6fd,covid19-20200519-1589896608,19,V3
NV359549,SHEF-CB159,20200519_1419_X1_FAN22263_13c1e6fd,covid19-20200519-1589896608,18,V3
NV359584,SHEF-D18B5,20200519_1419_X1_FAN22263_13c1e6fd,covid19-20200519-1589896608,17,V3
NV359692,SHEF-C8C4C,20200519_1419_X1_FAN22263_13c1e6fd,covid19-20200519-1589896608,16,V3
NV359711,SHEF-C576C,20200519_1419_X1_FAN22263_13c1e6fd,covid19-20200519-1589896608,15,V3
NV359166,SHEF-CF8BA,20200519_1419_X1_FAN22263_13c1e6fd,covid19-20200519-1589896608,14,V3
NV359691,SHEF-CD500,20200519_1419_X1_FAN22263_13c1e6fd,covid19-20200519-1589896608,13,V3
NV359676,SHEF-D2104,20200519_1419_X1_FAN22263_13c1e6fd,covid19-20200519-1589896608,12,V3
NV359668,SHEF-D1D3E,20200519_1419_X1_FAN22263_13c1e6fd,covid19-20200519-1589896608,11,V3
NV359673,SHEF-CFDAC,20200519_1419_X1_FAN22263_13c1e6fd,covid19-20200519-1589896608,10,V3
NV359086,SHEF-C5C4F,20200519_1419_X1_FAN22263_13c1e6fd,covid19-20200519-1589896608,9,V3
NV356560,SHEF-D19B2,20200519_1419_X1_FAN22263_13c1e6fd,covid19-20200519-1589896608,8,V3
NV356494,SHEF-D2A36,20200519_1419_X1_FAN22263_13c1e6fd,covid19-20200519-1589896608,7,V3
NV359690,SHEF-C19F1,20200519_1419_X1_FAN22263_13c1e6fd,covid19-20200519-1589896608,6,V3
NV359680,SHEF-C822C,20200519_1419_X1_FAN22263_13c1e6fd,covid19-20200519-1589896608,5,V3
NV359633,SHEF-CB423,20200519_1419_X1_FAN22263_13c1e6fd,covid19-20200519-1589896608,4,V3
NV359627,SHEF-C80AA,20200519_1419_X1_FAN22263_13c1e6fd,covid19-20200519-1589896608,3,V3
NV359074,SHEF-D2F82,20200519_1419_X1_FAN22263_13c1e6fd,covid19-20200519-1589896608,2,V3
NV359073,SHEF-C43D2,20200519_1419_X1_FAN22263_13c1e6fd,covid19-20200519-1589896608,1,V3
NV050213,SHEF-CF094,20200512_1525_X5_FAN41117_b2779a53,covid19-20200512-1589297081,23,V1
NV050866,SHEF-C41BA,20200512_1525_X5_FAN41117_b2779a53,covid19-20200512-1589297081,22,V1
NV052303,SHEF-D0300,20200512_1525_X5_FAN41117_b2779a53,covid19-20200512-1589297081,21,V1
NV052036,SHEF-CF86F,20200512_1525_X5_FAN41117_b2779a53,covid19-20200512-1589297081,20,V1
NV050321,SHEF-C5878,20200512_1525_X5_FAN41117_b2779a53,covid19-20200512-1589297081,19,V1
NV050192,SHEF-C7B31,20200512_1525_X5_FAN41117_b2779a53,covid19-20200512-1589297081,18,V1
NV050191,SHEF-C8286,20200512_1525_X5_FAN41117_b2779a53,covid19-20200512-1589297081,17,V1
NV050136,SHEF-D091D,20200512_1525_X5_FAN41117_b2779a53,covid19-20200512-1589297081,15,V1
NV252416,SHEF-CE0D1,20200512_1525_X5_FAN41117_b2779a53,covid19-20200512-1589297081,14,V1
NV357607,SHEF-CEE7D,20200512_1525_X5_FAN41117_b2779a53,covid19-20200512-1589297081,13,V1
NV357625,SHEF-C0A59,20200512_1525_X5_FAN41117_b2779a53,covid19-20200512-1589297081,12,V1
NV356525,SHEF-C77B5,20200512_1525_X5_FAN41117_b2779a53,covid19-20200512-1589297081,11,V1
NV357639,SHEF-C6B7E,20200512_1525_X5_FAN41117_b2779a53,covid19-20200512-1589297081,10,V1
NV357681,SHEF-C6543,20200512_1525_X5_FAN41117_b2779a53,covid19-20200512-1589297081,9,V1
NV356505,SHEF-C2CE8,20200512_1525_X5_FAN41117_b2779a53,covid19-20200512-1589297081,8,V1
NV357647,SHEF-D068F,20200512_1525_X5_FAN41117_b2779a53,covid19-20200512-1589297081,7,V1
NV356503,SHEF-C5A36,20200512_1525_X5_FAN41117_b2779a53,covid19-20200512-1589297081,5,V1
NV357651,SHEF-C57A8,20200512_1525_X5_FAN41117_b2779a53,covid19-20200512-1589297081,4,V1
NV356507,SHEF-C5984,20200512_1525_X5_FAN41117_b2779a53,covid19-20200512-1589297081,3,V1
NV356499,SHEF-C1715,20200512_1525_X5_FAN41117_b2779a53,covid19-20200512-1589297081,2,V1
NV357494,SHEF-D0986,20200512_1525_X5_FAN41117_b2779a53,covid19-20200512-1589297081,1,V1
NV356766,SHEF-C4E77,20200512_1521_X3_FAN33872_55b60621,covid19-20200512-1589296773,23,V1
NV356781,SHEF-D273F,20200512_1521_X3_FAN33872_55b60621,covid19-20200512-1589296773,22,V1
NV356632,SHEF-CA5C7,20200512_1521_X3_FAN33872_55b60621,covid19-20200512-1589296773,21,V1
NV367235,SHEF-C9AD8,20200520_1516_X3_FAN43274_21572fe0,covid19-20200520-1589987651,2,V3
NV358891,SHEF-C682C,20200512_1521_X3_FAN33872_55b60621,covid19-20200512-1589296773,18,V1
NV357095,SHEF-CF8AB,20200512_1521_X3_FAN33872_55b60621,covid19-20200512-1589296773,17,V1
NV356633,SHEF-CD6C1,20200512_1521_X3_FAN33872_55b60621,covid19-20200512-1589296773,16,V1
NV358805,SHEF-D141B,20200512_1521_X3_FAN33872_55b60621,covid19-20200512-1589296773,15,V1
NV357073,SHEF-C0F96,20200512_1521_X3_FAN33872_55b60621,covid19-20200512-1589296773,14,V1
NV358843,SHEF-CD184,20200512_1521_X3_FAN33872_55b60621,covid19-20200512-1589296773,13,V1
NV392351,SHEF-C816B,20200512_1521_X3_FAN33872_55b60621,covid19-20200512-1589296773,12,V1
NV357078,SHEF-C625B,20200512_1521_X3_FAN33872_55b60621,covid19-20200512-1589296773,11,V1
NV358803,SHEF-C70AB,20200512_1521_X3_FAN33872_55b60621,covid19-20200512-1589296773,10,V1
NV357074,SHEF-CBBB5,20200512_1521_X3_FAN33872_55b60621,covid19-20200512-1589296773,9,V1
NV358897,SHEF-CE0FF,20200512_1521_X3_FAN33872_55b60621,covid19-20200512-1589296773,8,V1
NV358876,SHEF-D3473,20200512_1521_X3_FAN33872_55b60621,covid19-20200512-1589296773,7,V1
NV358793,SHEF-CF0EF,20200512_1521_X3_FAN33872_55b60621,covid19-20200512-1589296773,6,V1
NV357071,SHEF-D2720,20200512_1521_X3_FAN33872_55b60621,covid19-20200512-1589296773,5,V1
NV360410,SHEF-CA873,20200512_1521_X3_FAN33872_55b60621,covid19-20200512-1589296773,4,V1
NV358738,SHEF-C817A,20200512_1521_X3_FAN33872_55b60621,covid19-20200512-1589296773,3,V1
NV358741,SHEF-D2711,20200512_1521_X3_FAN33872_55b60621,covid19-20200512-1589296773,2,V1
NV356459,SHEF-CF93F,20200512_1517_X2_FAN43172_fa3c47d5,covid19-20200512-1589296413,23,V1
NV357454,SHEF-C722D,20200512_1517_X2_FAN43172_fa3c47d5,covid19-20200512-1589296413,22,V1
NV356453,SHEF-D1660,20200512_1517_X2_FAN43172_fa3c47d5,covid19-20200512-1589296413,21,V1
NV356469,SHEF-C0CBD,20200512_1517_X2_FAN43172_fa3c47d5,covid19-20200512-1589296413,20,V1
NV357447,SHEF-C1AEF,20200512_1517_X2_FAN43172_fa3c47d5,covid19-20200512-1589296413,19,V1
NV357472,SHEF-C4994,20200512_1517_X2_FAN43172_fa3c47d5,covid19-20200512-1589296413,17,V1
NV356452,SHEF-C6042,20200512_1517_X2_FAN43172_fa3c47d5,covid19-20200512-1589296413,15,V1
NV356513,SHEF-C1BCE,20200512_1517_X2_FAN43172_fa3c47d5,covid19-20200512-1589296413,14,V1
NV356512,SHEF-C81F2,20200512_1517_X2_FAN43172_fa3c47d5,covid19-20200512-1589296413,13,V1
NV357453,SHEF-C1CBC,20200512_1517_X2_FAN43172_fa3c47d5,covid19-20200512-1589296413,12,V1
NV357450,SHEF-C5298,20200512_1517_X2_FAN43172_fa3c47d5,covid19-20200512-1589296413,11,V1
NV357118,SHEF-CBB88,20200512_1517_X2_FAN43172_fa3c47d5,covid19-20200512-1589296413,10,V1
NV357477,SHEF-C5DB5,20200512_1517_X2_FAN43172_fa3c47d5,covid19-20200512-1589296413,9,V1
NV357197,SHEF-C14C3,20200512_1517_X2_FAN43172_fa3c47d5,covid19-20200512-1589296413,8,V1
NV357106,SHEF-D0FB1,20200512_1517_X2_FAN43172_fa3c47d5,covid19-20200512-1589296413,7,V1
NV356482,SHEF-CD904,20200512_1517_X2_FAN43172_fa3c47d5,covid19-20200512-1589296413,6,V1
NV357441,SHEF-CB62D,20200512_1517_X2_FAN43172_fa3c47d5,covid19-20200512-1589296413,4,V1
NV356477,SHEF-C2DC7,20200512_1517_X2_FAN43172_fa3c47d5,covid19-20200512-1589296413,3,V1
NV356472,SHEF-D1E59,20200512_1517_X2_FAN43172_fa3c47d5,covid19-20200512-1589296413,2,V1
NV356488,SHEF-C5BF7,20200512_1517_X2_FAN43172_fa3c47d5,covid19-20200512-1589296413,1,V1
NV357066,SHEF-C5C21,20200511_1405_X1_FAN43713_3cb1dc81,covid19-20200511-1589203784,23,V1
NV357048,SHEF-CE4E4,20200511_1405_X1_FAN43713_3cb1dc81,covid19-20200511-1589203784,22,V1
NV357040,SHEF-C1C70,20200511_1405_X1_FAN43713_3cb1dc81,covid19-20200511-1589203784,21,V1
NV357033,SHEF-C5535,20200511_1405_X1_FAN43713_3cb1dc81,covid19-20200511-1589203784,20,V1
NV357035,SHEF-CF10A,20200511_1405_X1_FAN43713_3cb1dc81,covid19-20200511-1589203784,17,V1
NV357877,SHEF-CE1DE,20200511_1405_X1_FAN43713_3cb1dc81,covid19-20200511-1589203784,16,V1
NV357909,SHEF-CDF8A,20200511_1405_X1_FAN43713_3cb1dc81,covid19-20200511-1589203784,14,V1
NV357907,SHEF-D1E0E,20200511_1405_X1_FAN43713_3cb1dc81,covid19-20200511-1589203784,13,V1
NV357903,SHEF-C79A0,20200511_1405_X1_FAN43713_3cb1dc81,covid19-20200511-1589203784,12,V1
NV357900,SHEF-CEA79,20200511_1405_X1_FAN43713_3cb1dc81,covid19-20200511-1589203784,11,V1
NV357874,SHEF-C2134,20200511_1405_X1_FAN43713_3cb1dc81,covid19-20200511-1589203784,10,V1
NV357871,SHEF-D04D0,20200511_1405_X1_FAN43713_3cb1dc81,covid19-20200511-1589203784,9,V1
NV357916,SHEF-C1D22,20200511_1405_X1_FAN43713_3cb1dc81,covid19-20200511-1589203784,7,V1
NV358108,SHEF-CE648,20200511_1405_X1_FAN43713_3cb1dc81,covid19-20200511-1589203784,6,V1
NV357897,SHEF-C2F58,20200511_1405_X1_FAN43713_3cb1dc81,covid19-20200511-1589203784,5,V1
NV358089,SHEF-CE4B7,20200511_1405_X1_FAN43713_3cb1dc81,covid19-20200511-1589203784,4,V1
NV357899,SHEF-CA2EE,20200511_1405_X1_FAN43713_3cb1dc81,covid19-20200511-1589203784,3,V1
NV358096,SHEF-C4071,20200511_1405_X1_FAN43713_3cb1dc81,covid19-20200511-1589203784,2,V1
NV358098,SHEF-D0160,20200511_1405_X1_FAN43713_3cb1dc81,covid19-20200511-1589203784,1,V1
NV357850,SHEF-D2CD6,20200507_1252_X2_FAN43413_b1181adc,covid19-20200507-1588855771,23,V1
NV356566,SHEF-C9F51,20200507_1252_X2_FAN43413_b1181adc,covid19-20200507-1588855771,21,V1
NV357551,SHEF-D02E5,20200507_1252_X2_FAN43413_b1181adc,covid19-20200507-1588855771,20,V1
NV356567,SHEF-CBE70,20200507_1252_X2_FAN43413_b1181adc,covid19-20200507-1588855771,19,V1
NV357549,SHEF-C6947,20200507_1252_X2_FAN43413_b1181adc,covid19-20200507-1588855771,18,V1
NV356563,SHEF-CA3BE,20200507_1252_X2_FAN43413_b1181adc,covid19-20200507-1588855771,17,V1
NV357859,SHEF-CC246,20200507_1252_X2_FAN43413_b1181adc,covid19-20200507-1588855771,15,V1
NV357500,SHEF-C1BBF,20200507_1252_X2_FAN43413_b1181adc,covid19-20200507-1588855771,13,V1
NV356562,SHEF-D2993,20200507_1252_X2_FAN43413_b1181adc,covid19-20200507-1588855771,12,V1
NV356570,SHEF-C8392,20200507_1252_X2_FAN43413_b1181adc,covid19-20200507-1588855771,11,V1
NV357553,SHEF-CA8A0,20200507_1252_X2_FAN43413_b1181adc,covid19-20200507-1588855771,10,V1
NV356568,SHEF-D1F29,20200507_1252_X2_FAN43413_b1181adc,covid19-20200507-1588855771,9,V1
NV357814,SHEF-C8DD0,20200507_1252_X2_FAN43413_b1181adc,covid19-20200507-1588855771,8,V1
NV356571,SHEF-C82D1,20200507_1252_X2_FAN43413_b1181adc,covid19-20200507-1588855771,7,V1
NV357498,SHEF-CECFB,20200507_1252_X2_FAN43413_b1181adc,covid19-20200507-1588855771,6,V1
NV356618,SHEF-CDDBD,20200507_1252_X2_FAN43413_b1181adc,covid19-20200507-1588855771,5,V1
NV356569,SHEF-C9100,20200507_1252_X2_FAN43413_b1181adc,covid19-20200507-1588855771,4,V1
NV357725,SHEF-C2B36,20200507_1252_X2_FAN43413_b1181adc,covid19-20200507-1588855771,3,V1
NV356561,SHEF-CCBD2,20200507_1252_X2_FAN43413_b1181adc,covid19-20200507-1588855771,2,V1
NV357497,SHEF-CFDD9,20200507_1252_X2_FAN43413_b1181adc,covid19-20200507-1588855771,1,V1
NV356054,SHEF-C584B,20200506_1304_X1_FAN42844_4f07914a,covid19-20200506-1588770086,23,V1
NV356117,SHEF-CAEAE,20200506_1304_X1_FAN42844_4f07914a,covid19-20200506-1588770086,22,V1
NV355549,SHEF-C867B,20200506_1304_X1_FAN42844_4f07914a,covid19-20200506-1588770086,21,V1
NV355723,SHEF-C79EC,20200506_1304_X1_FAN42844_4f07914a,covid19-20200506-1588770086,20,V1
NV355798,SHEF-C5C9A,20200506_1304_X1_FAN42844_4f07914a,covid19-20200506-1588770086,19,V1
NV355881,SHEF-D0A74,20200506_1304_X1_FAN42844_4f07914a,covid19-20200506-1588770086,17,V1
NV356050,SHEF-C0A4A,20200506_1304_X1_FAN42844_4f07914a,covid19-20200506-1588770086,16,V1
NV355555,SHEF-C7463,20200506_1304_X1_FAN42844_4f07914a,covid19-20200506-1588770086,15,V1
NV355727,SHEF-C6C20,20200506_1304_X1_FAN42844_4f07914a,covid19-20200506-1588770086,14,V1
NV356076,SHEF-D0B35,20200506_1304_X1_FAN42844_4f07914a,covid19-20200506-1588770086,13,V1
NV355905,SHEF-CB61E,20200506_1304_X1_FAN42844_4f07914a,covid19-20200506-1588770086,12,V1
NV355524,SHEF-CB7FD,20200506_1304_X1_FAN42844_4f07914a,covid19-20200506-1588770086,11,V1
NV355598,SHEF-CA14B,20200506_1304_X1_FAN42844_4f07914a,covid19-20200506-1588770086,9,V1
NV356083,SHEF-C7F08,20200506_1304_X1_FAN42844_4f07914a,covid19-20200506-1588770086,8,V1
NV356118,SHEF-D2429,20200506_1304_X1_FAN42844_4f07914a,covid19-20200506-1588770086,7,V1
NV356084,SHEF-C241D,20200506_1304_X1_FAN42844_4f07914a,covid19-20200506-1588770086,6,V1
NV355933,SHEF-C7C4D,20200506_1304_X1_FAN42844_4f07914a,covid19-20200506-1588770086,5,V1
NV355972,SHEF-CDEE7,20200506_1304_X1_FAN42844_4f07914a,covid19-20200506-1588770086,4,V1
NV356044,SHEF-C1047,20200506_1304_X1_FAN42844_4f07914a,covid19-20200506-1588770086,3,V1
NV355847,SHEF-C9AC9,20200506_1304_X1_FAN42844_4f07914a,covid19-20200506-1588770086,1,V1
NV392051,SHEF-C1F4A,20200505_1525_X2_FAN47519_c9d8b5d0,covid19-20200505-1588691813,4,V1
NV358501,SHEF-C368F,20200505_1447_X5_FAN40856_8c6b4e22,covid19-20200505-1588690009,23,V1
NV358550,SHEF-CCA6C,20200505_1447_X5_FAN40856_8c6b4e22,covid19-20200505-1588690009,22,V1
NV358541,SHEF-C87A5,20200505_1447_X5_FAN40856_8c6b4e22,covid19-20200505-1588690009,21,V1
NV359156,SHEF-CE6DF,20200505_1447_X5_FAN40856_8c6b4e22,covid19-20200505-1588690009,20,V1
NV358548,SHEF-CAC2C,20200505_1447_X5_FAN40856_8c6b4e22,covid19-20200505-1588690009,19,V1
NV358266,SHEF-C4CF5,20200505_1447_X5_FAN40856_8c6b4e22,covid19-20200505-1588690009,18,V1
NV358578,SHEF-D1A82,20200505_1447_X5_FAN40856_8c6b4e22,covid19-20200505-1588690009,17,V1
NV357496,SHEF-C7E74,20200505_1447_X5_FAN40856_8c6b4e22,covid19-20200505-1588690009,16,V1
NV358003,SHEF-C2608,20200505_1447_X5_FAN40856_8c6b4e22,covid19-20200505-1588690009,14,V1
NV358036,SHEF-D12C6,20200505_1447_X5_FAN40856_8c6b4e22,covid19-20200505-1588690009,10,V1
NV356939,SHEF-C769A,20200505_1447_X5_FAN40856_8c6b4e22,covid19-20200505-1588690009,9,V1
NV358052,SHEF-CA460,20200505_1447_X5_FAN40856_8c6b4e22,covid19-20200505-1588690009,6,V1
NV358537,SHEF-D1E86,20200505_1447_X5_FAN40856_8c6b4e22,covid19-20200505-1588690009,5,V1
NV358544,SHEF-C5289,20200505_1447_X5_FAN40856_8c6b4e22,covid19-20200505-1588690009,4,V1
NV358292,SHEF-C93EC,20200505_1447_X5_FAN40856_8c6b4e22,covid19-20200505-1588690009,3,V1
NV358533,SHEF-C690B,20200505_1447_X5_FAN40856_8c6b4e22,covid19-20200505-1588690009,2,V1
NV358538,SHEF-CC0B5,20200505_1447_X5_FAN40856_8c6b4e22,covid19-20200505-1588690009,1,V1
NV356047,SHEF-C6B23,20200505_1442_X3_FAN22694_07e9275e,covid19-20200505-1588689524,23,V1
NV355989,SHEF-C76D6,20200505_1442_X3_FAN22694_07e9275e,covid19-20200505-1588689524,18,V1
NV344145,SHEF-C33D3,20200505_1442_X3_FAN22694_07e9275e,covid19-20200505-1588689524,15,V1
NV345441,SHEF-CA354,20200505_1442_X3_FAN22694_07e9275e,covid19-20200505-1588689524,14,V1
NV355912,SHEF-C8013,20200505_1442_X3_FAN22694_07e9275e,covid19-20200505-1588689524,10,V1
NV355906,SHEF-D00EB,20200505_1442_X3_FAN22694_07e9275e,covid19-20200505-1588689524,9,V1
NV355999,SHEF-D01F7,20200504_1416_X2_FAN43512_00347d3c,covid19-20200504-1588601770,23,V1
NV355960,SHEF-D0625,20200504_1416_X2_FAN43512_00347d3c,covid19-20200504-1588601770,22,V1
NV355907,SHEF-CC0D3,20200504_1416_X2_FAN43512_00347d3c,covid19-20200504-1588601770,21,V1
NV355560,SHEF-CB1E0,20200504_1416_X2_FAN43512_00347d3c,covid19-20200504-1588601770,20,V1
NV355726,SHEF-C9FF7,20200504_1416_X2_FAN43512_00347d3c,covid19-20200504-1588601770,19,V1
NV356056,SHEF-CB678,20200504_1416_X2_FAN43512_00347d3c,covid19-20200504-1588601770,18,V1
NV355797,SHEF-CB906,20200504_1416_X2_FAN43512_00347d3c,covid19-20200504-1588601770,16,V1
NV355921,SHEF-C1C8F,20200504_1416_X2_FAN43512_00347d3c,covid19-20200504-1588601770,15,V1
NV356002,SHEF-C759D,20200504_1416_X2_FAN43512_00347d3c,covid19-20200504-1588601770,14,V1
NV355486,SHEF-CAE08,20200504_1416_X2_FAN43512_00347d3c,covid19-20200504-1588601770,13,V1
NV355803,SHEF-C6C5D,20200504_1416_X2_FAN43512_00347d3c,covid19-20200504-1588601770,12,V1
NV356015,SHEF-CC6D1,20200504_1416_X2_FAN43512_00347d3c,covid19-20200504-1588601770,11,V1
NV355969,SHEF-C095C,20200504_1416_X2_FAN43512_00347d3c,covid19-20200504-1588601770,10,V1
NV355973,SHEF-CAD1A,20200504_1416_X2_FAN43512_00347d3c,covid19-20200504-1588601770,9,V1
NV355551,SHEF-C0DE7,20200504_1416_X2_FAN43512_00347d3c,covid19-20200504-1588601770,8,V1
NV355514,SHEF-CB8FA,20200504_1416_X2_FAN43512_00347d3c,covid19-20200504-1588601770,7,V1
NV355930,SHEF-D1633,20200504_1416_X2_FAN43512_00347d3c,covid19-20200504-1588601770,6,V1
NV355922,SHEF-C8444,20200504_1416_X2_FAN43512_00347d3c,covid19-20200504-1588601770,4,V1
NV355917,SHEF-C7FF9,20200504_1416_X2_FAN43512_00347d3c,covid19-20200504-1588601770,3,V1
NV355665,SHEF-CC853,20200504_1416_X2_FAN43512_00347d3c,covid19-20200504-1588601770,2,V1
NV355877,SHEF-CA345,20200504_1416_X2_FAN43512_00347d3c,covid19-20200504-1588601770,1,V1
NV355658,SHEF-CEC19,20200504_1411_X1_FAN43224_b061eca1,covid19-20200504-1588601271,22,V1
NV355601,SHEF-C9DFD,20200504_1411_X1_FAN43224_b061eca1,covid19-20200504-1588601271,21,V1
NV355490,SHEF-D3024,20200504_1411_X1_FAN43224_b061eca1,covid19-20200504-1588601271,20,V1
NV355661,SHEF-C22B9,20200504_1411_X1_FAN43224_b061eca1,covid19-20200504-1588601271,18,V1
NV356103,SHEF-C37B9,20200504_1411_X1_FAN43224_b061eca1,covid19-20200504-1588601271,17,V1
NV355947,SHEF-CF128,20200504_1411_X1_FAN43224_b061eca1,covid19-20200504-1588601271,16,V1
NV356114,SHEF-D14DF,20200504_1411_X1_FAN43224_b061eca1,covid19-20200504-1588601271,15,V1
NV356052,SHEF-D077D,20200504_1411_X1_FAN43224_b061eca1,covid19-20200504-1588601271,14,V1
NV355951,SHEF-C9FBB,20200504_1411_X1_FAN43224_b061eca1,covid19-20200504-1588601271,13,V1
NV355714,SHEF-C9AAB,20200504_1411_X1_FAN43224_b061eca1,covid19-20200504-1588601271,12,V1
NV356072,SHEF-C82FF,20200504_1411_X1_FAN43224_b061eca1,covid19-20200504-1588601271,11,V1
NV356055,SHEF-CCC39,20200504_1411_X1_FAN43224_b061eca1,covid19-20200504-1588601271,10,V1
NV356081,SHEF-C18F4,20200504_1411_X1_FAN43224_b061eca1,covid19-20200504-1588601271,9,V1
NV356078,SHEF-CD0C3,20200504_1411_X1_FAN43224_b061eca1,covid19-20200504-1588601271,8,V1
NV355875,SHEF-CB04D,20200504_1411_X1_FAN43224_b061eca1,covid19-20200504-1588601271,7,V1
NV355573,SHEF-C4BDA,20200504_1411_X1_FAN43224_b061eca1,covid19-20200504-1588601271,5,V1
NV355942,SHEF-C3E5A,20200504_1411_X1_FAN43224_b061eca1,covid19-20200504-1588601271,4,V1
NV355789,SHEF-D3051,20200504_1411_X1_FAN43224_b061eca1,covid19-20200504-1588601271,3,V1
NV355985,SHEF-C6200,20200504_1411_X1_FAN43224_b061eca1,covid19-20200504-1588601271,2,V1
NV355911,SHEF-CA284,20200504_1411_X1_FAN43224_b061eca1,covid19-20200504-1588601271,1,V1
NV356260,SHEF-CDFB7,20200501_1328_X5_FAN42853_4b061cbe,covid19-20200501-1588339613,23,V1
NV356017,SHEF-C1663,20200501_1328_X5_FAN42853_4b061cbe,covid19-20200501-1588339613,22,V1
NV355968,SHEF-C32A9,20200501_1328_X5_FAN42853_4b061cbe,covid19-20200501-1588339613,21,V1
NV356105,SHEF-CC880,20200501_1328_X5_FAN42853_4b061cbe,covid19-20200501-1588339613,20,V1
NV355715,SHEF-CD55B,20200501_1328_X5_FAN42853_4b061cbe,covid19-20200501-1588339613,19,V1
NV355653,SHEF-CD49A,20200501_1328_X5_FAN42853_4b061cbe,covid19-20200501-1588339613,18,V1
NV356116,SHEF-CB1B3,20200501_1328_X5_FAN42853_4b061cbe,covid19-20200501-1588339613,17,V1
NV355545,SHEF-C2E4C,20200501_1328_X5_FAN42853_4b061cbe,covid19-20200501-1588339613,16,V1
NV356115,SHEF-C8C5B,20200501_1328_X5_FAN42853_4b061cbe,covid19-20200501-1588339613,15,V1
NV355853,SHEF-CDE23,20200501_1328_X5_FAN42853_4b061cbe,covid19-20200501-1588339613,14,V1
NV355811,SHEF-C3F66,20200501_1328_X5_FAN42853_4b061cbe,covid19-20200501-1588339613,13,V1
NV356122,SHEF-D15FA,20200501_1328_X5_FAN42853_4b061cbe,covid19-20200501-1588339613,12,V1
NV356153,SHEF-D018E,20200501_1328_X5_FAN42853_4b061cbe,covid19-20200501-1588339613,11,V1
NV356130,SHEF-D193A,20200501_1328_X5_FAN42853_4b061cbe,covid19-20200501-1588339613,10,V1
NV356254,SHEF-C5A45,20200501_1328_X5_FAN42853_4b061cbe,covid19-20200501-1588339613,9,V1
NV356131,SHEF-CAE53,20200501_1328_X5_FAN42853_4b061cbe,covid19-20200501-1588339613,8,V1
NV356171,SHEF-C2D8B,20200501_1328_X5_FAN42853_4b061cbe,covid19-20200501-1588339613,6,V1
NV356170,SHEF-D2B51,20200501_1328_X5_FAN42853_4b061cbe,covid19-20200501-1588339613,5,V1
NV356256,SHEF-CB0B6,20200501_1328_X5_FAN42853_4b061cbe,covid19-20200501-1588339613,4,V1
NV356126,SHEF-C6F72,20200501_1328_X5_FAN42853_4b061cbe,covid19-20200501-1588339613,3,V1
NV356166,SHEF-CFCBE,20200501_1328_X5_FAN42853_4b061cbe,covid19-20200501-1588339613,2,V1
NV356257,SHEF-CD02D,20200501_1328_X5_FAN42853_4b061cbe,covid19-20200501-1588339613,1,V1
NV356165,SHEF-C68A4,20200501_1325_X3_FAN33965_fcc49090,covid19-20200501-1588339471,23,V1
NV356253,SHEF-C9935,20200501_1325_X3_FAN33965_fcc49090,covid19-20200501-1588339471,22,V1
NV356128,SHEF-C6C02,20200501_1325_X3_FAN33965_fcc49090,covid19-20200501-1588339471,21,V1
NV356149,SHEF-CD7EC,20200501_1325_X3_FAN33965_fcc49090,covid19-20200501-1588339471,20,V1
NV356258,SHEF-C09F2,20200501_1325_X3_FAN33965_fcc49090,covid19-20200501-1588339471,18,V1
NV356248,SHEF-D0B62,20200501_1325_X3_FAN33965_fcc49090,covid19-20200501-1588339471,17,V1
NV356225,SHEF-C3546,20200501_1325_X3_FAN33965_fcc49090,covid19-20200501-1588339471,16,V1
NV356246,SHEF-CAECC,20200501_1325_X3_FAN33965_fcc49090,covid19-20200501-1588339471,15,V1
NV356148,SHEF-C243B,20200501_1325_X3_FAN33965_fcc49090,covid19-20200501-1588339471,14,V1
NV356226,SHEF-C3E78,20200501_1325_X3_FAN33965_fcc49090,covid19-20200501-1588339471,13,V1
NV356250,SHEF-C6798,20200501_1325_X3_FAN33965_fcc49090,covid19-20200501-1588339471,12,V1
NV356281,SHEF-CB951,20200501_1325_X3_FAN33965_fcc49090,covid19-20200501-1588339471,11,V1
NV356244,SHEF-D2070,20200501_1325_X3_FAN33965_fcc49090,covid19-20200501-1588339471,10,V1
NV356136,SHEF-C4A91,20200501_1325_X3_FAN33965_fcc49090,covid19-20200501-1588339471,9,V1
NV356119,SHEF-CB46F,20200501_1325_X3_FAN33965_fcc49090,covid19-20200501-1588339471,8,V1
NV356241,SHEF-D21AA,20200501_1325_X3_FAN33965_fcc49090,covid19-20200501-1588339471,7,V1
NV356249,SHEF-CAC0E,20200501_1325_X3_FAN33965_fcc49090,covid19-20200501-1588339471,6,V1
NV356240,SHEF-C8329,20200501_1325_X3_FAN33965_fcc49090,covid19-20200501-1588339471,5,V1
NV356120,SHEF-C38B6,20200501_1325_X3_FAN33965_fcc49090,covid19-20200501-1588339471,4,V1
NV356242,SHEF-CC088,20200501_1325_X3_FAN33965_fcc49090,covid19-20200501-1588339471,3,V1
NV356284,SHEF-D0072,20200501_1325_X3_FAN33965_fcc49090,covid19-20200501-1588339471,2,V1
NV356252,SHEF-C5070,20200501_1325_X3_FAN33965_fcc49090,covid19-20200501-1588339471,1,V1
NV356038,SHEF-C616D,20200430_1329_X2_FAN40938_c792ff79,covid19-20200430-1588253347,23,V1
NV355523,SHEF-C2AA2,20200430_1329_X2_FAN40938_c792ff79,covid19-20200430-1588253347,22,V1
NV355731,SHEF-CABB6,20200430_1329_X2_FAN40938_c792ff79,covid19-20200430-1588253347,21,V1
NV355812,SHEF-CA846,20200430_1329_X2_FAN40938_c792ff79,covid19-20200430-1588253347,20,V1
NV356070,SHEF-CD791,20200430_1329_X2_FAN40938_c792ff79,covid19-20200430-1588253347,19,V1
NV356082,SHEF-C22AA,20200430_1329_X2_FAN40938_c792ff79,covid19-20200430-1588253347,18,V1
NV355744,SHEF-CBB1F,20200430_1329_X2_FAN40938_c792ff79,covid19-20200430-1588253347,17,V1
NV355741,SHEF-C4F0B,20200430_1329_X2_FAN40938_c792ff79,covid19-20200430-1588253347,16,V1
NV355488,SHEF-C291E,20200430_1329_X2_FAN40938_c792ff79,covid19-20200430-1588253347,12,V1
NV355724,SHEF-C342B,20200430_1329_X2_FAN40938_c792ff79,covid19-20200430-1588253347,11,V1
NV355961,SHEF-CA3EB,20200430_1329_X2_FAN40938_c792ff79,covid19-20200430-1588253347,10,V1
NV355804,SHEF-C12D8,20200430_1329_X2_FAN40938_c792ff79,covid19-20200430-1588253347,9,V1
NV355893,SHEF-CD9C8,20200430_1329_X2_FAN40938_c792ff79,covid19-20200430-1588253347,8,V1
NV355887,SHEF-C80D7,20200430_1329_X2_FAN40938_c792ff79,covid19-20200430-1588253347,7,V1
NV355901,SHEF-C12E7,20200430_1329_X2_FAN40938_c792ff79,covid19-20200430-1588253347,6,V1
NV355899,SHEF-C19E2,20200430_1329_X2_FAN40938_c792ff79,covid19-20200430-1588253347,5,V1
NV355900,SHEF-CBBE2,20200430_1329_X2_FAN40938_c792ff79,covid19-20200430-1588253347,4,V1
NV355888,SHEF-C3B35,20200430_1329_X2_FAN40938_c792ff79,covid19-20200430-1588253347,3,V1
NV355889,SHEF-C6929,20200430_1329_X2_FAN40938_c792ff79,covid19-20200430-1588253347,1,V1
NV355491,SHEF-D2BF7,20200430_1327_X1_FAN47512_ef3537bf,covid19-20200430-1588252504,23,V1
NV355596,SHEF-CE9A9,20200430_1327_X1_FAN47512_ef3537bf,covid19-20200430-1588252504,22,V1
NV355919,SHEF-C71B7,20200430_1327_X1_FAN47512_ef3537bf,covid19-20200430-1588252504,21,V1
NV355740,SHEF-D1F74,20200430_1327_X1_FAN47512_ef3537bf,covid19-20200430-1588252504,20,V1
NV355802,SHEF-CC422,20200430_1327_X1_FAN47512_ef3537bf,covid19-20200430-1588252504,19,V1
NV355745,SHEF-C7B5F,20200430_1327_X1_FAN47512_ef3537bf,covid19-20200430-1588252504,18,V1
NV355805,SHEF-CF44D,20200430_1327_X1_FAN47512_ef3537bf,covid19-20200430-1588252504,17,V1
NV355513,SHEF-C5429,20200430_1327_X1_FAN47512_ef3537bf,covid19-20200430-1588252504,16,V1
NV355553,SHEF-CF216,20200430_1327_X1_FAN47512_ef3537bf,covid19-20200430-1588252504,15,V1
NV355755,SHEF-D20F8,20200430_1327_X1_FAN47512_ef3537bf,covid19-20200430-1588252504,14,V1
NV355758,SHEF-D0CF6,20200430_1327_X1_FAN47512_ef3537bf,covid19-20200430-1588252504,13,V1
NV355587,SHEF-C3379,20200430_1327_X1_FAN47512_ef3537bf,covid19-20200430-1588252504,12,V1
NV355521,SHEF-C3B62,20200430_1327_X1_FAN47512_ef3537bf,covid19-20200430-1588252504,11,V1
NV355492,SHEF-D0EB4,20200430_1327_X1_FAN47512_ef3537bf,covid19-20200430-1588252504,10,V1
NV355664,SHEF-C5C5E,20200430_1327_X1_FAN47512_ef3537bf,covid19-20200430-1588252504,9,V1
NV355525,SHEF-C3FDF,20200430_1327_X1_FAN47512_ef3537bf,covid19-20200430-1588252504,8,V1
NV355529,SHEF-CBE9E,20200430_1327_X1_FAN47512_ef3537bf,covid19-20200430-1588252504,7,V1
NV355841,SHEF-C76C7,20200430_1327_X1_FAN47512_ef3537bf,covid19-20200430-1588252504,5,V1
NV355769,SHEF-CF7EA,20200430_1327_X1_FAN47512_ef3537bf,covid19-20200430-1588252504,4,V1
NV356077,SHEF-C0ED5,20200430_1327_X1_FAN47512_ef3537bf,covid19-20200430-1588252504,3,V1
NV356087,SHEF-CB687,20200430_1327_X1_FAN47512_ef3537bf,covid19-20200430-1588252504,2,V1
NV355732,SHEF-CC0A6,20200430_1327_X1_FAN47512_ef3537bf,covid19-20200430-1588252504,1,V1
NV391685,SHEF-D2C21,20200428_1431_X2_FAN33499_94ce9e05,covid19-20200428-1588084245,21,V1
NV391949,SHEF-D0EC3,20200428_1431_X2_FAN33499_94ce9e05,covid19-20200428-1588084245,19,V1
NV391947,SHEF-C831A,20200428_1431_X2_FAN33499_94ce9e05,covid19-20200428-1588084245,15,V1
NV391683,SHEF-D3482,20200428_1431_X2_FAN33499_94ce9e05,covid19-20200428-1588084245,11,V1
NV392001,SHEF-CD2CD,20200428_1431_X2_FAN33499_94ce9e05,covid19-20200428-1588084245,9,V1
NV391812,SHEF-C394A,20200428_1431_X2_FAN33499_94ce9e05,covid19-20200428-1588084245,7,V1
NV391824,SHEF-CE718,20200428_1428_X1_FAN40936_21126a56,covid19-20200428-1588084036,10,V1
NV391985,SHEF-D08B6,20200428_1428_X1_FAN40936_21126a56,covid19-20200428-1588084036,8,V1
NV392053,SHEF-C5A81,20200424_1456_X1_FAN43197_bf130bec,covid19-20200424-1587739881,16,V1
NV353885,SHEF-CD56A,20200424_1456_X1_FAN43197_bf130bec,covid19-20200424-1587739881,8,V1
NV391998,SHEF-C0BB0,20200424_1456_X1_FAN43197_bf130bec,covid19-20200424-1587739881,7,V1
NV392062,SHEF-CBC1C,20200424_1456_X1_FAN43197_bf130bec,covid19-20200424-1587739881,6,V1
NV353695,SHEF-CADED,20200424_1456_X1_FAN43197_bf130bec,covid19-20200424-1587739881,3,V1
NV392055,SHEF-C9DC0,20200424_1457_X2_FAN47507_496cd77a,covid19-20200424-1587740213,13,V1
NV391822,SHEF-D31B8,20200424_1457_X2_FAN47507_496cd77a,covid19-20200424-1587740213,10,V1
NV391619,SHEF-C9F24,20200424_1457_X2_FAN47507_496cd77a,covid19-20200424-1587740213,3,V1
NV391959,SHEF-CB432,20200423_1408_X2_FAN46539_e60f2b40,covid19-20200423-1587650885,19,V1
NV355579,SHEF-C7515,20200423_1408_X2_FAN46539_e60f2b40,covid19-20200423-1587650885,18,V1
NV391686,SHEF-C6DA5,20200423_1408_X2_FAN46539_e60f2b40,covid19-20200423-1587650885,15,V1
NV392059,SHEF-C9B11,20200423_1408_X2_FAN46539_e60f2b40,covid19-20200423-1587650885,14,V1
NV391613,SHEF-CC185,20200423_1347_X1_FAN43269_d941f767,covid19-20200423-1587649559,9,V1
NV353632,SHEF-CC729,20200423_1347_X1_FAN43269_d941f767,covid19-20200423-1587649559,7,V1
NV353219,SHEF-CE244,20200424_1456_X1_FAN43197_bf130bec,covid19-20200424-1587739881,18,V1
NV352472,SHEF-C691A,20200424_1456_X1_FAN43197_bf130bec,covid19-20200424-1587739881,14,V1
NV352353,SHEF-CA363,20200424_1457_X2_FAN47507_496cd77a,covid19-20200424-1587740213,5,V1
NV350810,SHEF-CA7B2,20200423_1408_X2_FAN46539_e60f2b40,covid19-20200423-1587650885,20,V1
NV350354,SHEF-C8611,20200424_1456_X1_FAN43197_bf130bec,covid19-20200424-1587739881,2,V1
NV350337,SHEF-C3977,20200424_1457_X2_FAN47507_496cd77a,covid19-20200424-1587740213,23,V1
NV349337,SHEF-C47F4,20200505_1447_X5_FAN40856_8c6b4e22,covid19-20200505-1588690009,11,V1
NV349109,SHEF-C16FA,20200424_1457_X2_FAN47507_496cd77a,covid19-20200424-1587740213,16,V1
NV348488,SHEF-C8A06,20200423_1347_X1_FAN43269_d941f767,covid19-20200423-1587649559,20,V1
NV348415,SHEF-C1E3E,20200428_1431_X2_FAN33499_94ce9e05,covid19-20200428-1588084245,20,V1
NV348358,SHEF-D2957,20200424_1457_X2_FAN47507_496cd77a,covid19-20200424-1587740213,8,V1
NV348355,SHEF-D28E1,20200428_1428_X1_FAN40936_21126a56,covid19-20200428-1588084036,14,V1
NV348354,SHEF-D0124,20200428_1431_X2_FAN33499_94ce9e05,covid19-20200428-1588084245,22,V1
NV348347,SHEF-C17E8,20200424_1457_X2_FAN47507_496cd77a,covid19-20200424-1587740213,1,V1
NV348290,SHEF-CAAD7,20200423_1347_X1_FAN43269_d941f767,covid19-20200423-1587649559,13,V1
NV348289,SHEF-C482E,20200423_1347_X1_FAN43269_d941f767,covid19-20200423-1587649559,6,V1
NV348280,SHEF-C5650,20200424_1457_X2_FAN47507_496cd77a,covid19-20200424-1587740213,4,V1
NV348264,SHEF-C905E,20200423_1347_X1_FAN43269_d941f767,covid19-20200423-1587649559,10,V1
NV348239,SHEF-CC54D,20200428_1431_X2_FAN33499_94ce9e05,covid19-20200428-1588084245,17,V1
NV348237,SHEF-CD03C,20200424_1456_X1_FAN43197_bf130bec,covid19-20200424-1587739881,9,V1
NV348232,SHEF-CC862,20200424_1456_X1_FAN43197_bf130bec,covid19-20200424-1587739881,17,V1
NV348203,SHEF-CFAB4,20200428_1431_X2_FAN33499_94ce9e05,covid19-20200428-1588084245,14,V1
NV348202,SHEF-C569C,20200424_1456_X1_FAN43197_bf130bec,covid19-20200424-1587739881,21,V1
NV348200,SHEF-C379B,20200423_1347_X1_FAN43269_d941f767,covid19-20200423-1587649559,15,V1
NV348199,SHEF-CBB2E,20200505_1525_X2_FAN47519_c9d8b5d0,covid19-20200505-1588691813,7,V1
NV348193,SHEF-D21D7,20200424_1457_X2_FAN47507_496cd77a,covid19-20200424-1587740213,6,V1
NV348142,SHEF-CBB5B,20200505_1525_X2_FAN47519_c9d8b5d0,covid19-20200505-1588691813,5,V1
NV348116,SHEF-C6060,20200428_1428_X1_FAN40936_21126a56,covid19-20200428-1588084036,15,V1
NV348114,SHEF-CD54C,20200423_1347_X1_FAN43269_d941f767,covid19-20200423-1587649559,18,V1
NV348113,SHEF-C2565,20200423_1408_X2_FAN46539_e60f2b40,covid19-20200423-1587650885,13,V1
NV348111,SHEF-C6E48,20200424_1457_X2_FAN47507_496cd77a,covid19-20200424-1587740213,22,V1
NV348036,SHEF-D0801,20200424_1457_X2_FAN47507_496cd77a,covid19-20200424-1587740213,20,V1
NV348033,SHEF-D1026,20200505_1525_X2_FAN47519_c9d8b5d0,covid19-20200505-1588691813,9,V1
NV348032,SHEF-C8C6A,20200428_1428_X1_FAN40936_21126a56,covid19-20200428-1588084036,4,V1
NV348027,SHEF-CA49D,20200423_1347_X1_FAN43269_d941f767,covid19-20200423-1587649559,11,V1
NV348024,SHEF-C324F,20200423_1408_X2_FAN46539_e60f2b40,covid19-20200423-1587650885,4,V1
NV348021,SHEF-C7A8F,20200428_1428_X1_FAN40936_21126a56,covid19-20200428-1588084036,1,V1
NV347977,SHEF-C7C6B,20200423_1408_X2_FAN46539_e60f2b40,covid19-20200423-1587650885,10,V1
NV347966,SHEF-C3BF9,20200505_1525_X2_FAN47519_c9d8b5d0,covid19-20200505-1588691813,6,V1
NV347963,SHEF-C237A,20200428_1431_X2_FAN33499_94ce9e05,covid19-20200428-1588084245,18,V1
NV347789,SHEF-C9249,20200423_1408_X2_FAN46539_e60f2b40,covid19-20200423-1587650885,11,V1
NV347786,SHEF-D0DD5,20200424_1456_X1_FAN43197_bf130bec,covid19-20200424-1587739881,15,V1
NV347726,SHEF-C177F,20200424_1456_X1_FAN43197_bf130bec,covid19-20200424-1587739881,12,V1
NV347722,SHEF-C336A,20200423_1408_X2_FAN46539_e60f2b40,covid19-20200423-1587650885,9,V1
NV347713,SHEF-C6EEE,20200424_1457_X2_FAN47507_496cd77a,covid19-20200424-1587740213,17,V1
NV347702,SHEF-D1F47,20200424_1456_X1_FAN43197_bf130bec,covid19-20200424-1587739881,11,V1
NV347700,SHEF-CEE04,20200428_1428_X1_FAN40936_21126a56,covid19-20200428-1588084036,9,V1
NV347657,SHEF-C21DA,20200428_1428_X1_FAN40936_21126a56,covid19-20200428-1588084036,7,V1
NV347645,SHEF-D1E3B,20200428_1431_X2_FAN33499_94ce9e05,covid19-20200428-1588084245,12,V1
NV347641,SHEF-D130F,20200505_1525_X2_FAN47519_c9d8b5d0,covid19-20200505-1588691813,11,V1
NV347428,SHEF-C9021,20200428_1428_X1_FAN40936_21126a56,covid19-20200428-1588084036,12,V1
NV347409,SHEF-C31E8,20200423_1408_X2_FAN46539_e60f2b40,covid19-20200423-1587650885,6,V1
NV347407,SHEF-D05A0,20200423_1408_X2_FAN46539_e60f2b40,covid19-20200423-1587650885,23,V1
NV347404,SHEF-CB5F3,20200428_1431_X2_FAN33499_94ce9e05,covid19-20200428-1588084245,13,V1
NV347403,SHEF-CB3AE,20200423_1408_X2_FAN46539_e60f2b40,covid19-20200423-1587650885,21,V1
NV347363,SHEF-D1E68,20200424_1456_X1_FAN43197_bf130bec,covid19-20200424-1587739881,1,V1
NV347356,SHEF-C4132,20200424_1457_X2_FAN47507_496cd77a,covid19-20200424-1587740213,11,V1
NV347354,SHEF-CB5D5,20200423_1347_X1_FAN43269_d941f767,covid19-20200423-1587649559,3,V1
NV347351,SHEF-D03C4,20200424_1456_X1_FAN43197_bf130bec,covid19-20200424-1587739881,22,V1
NV347346,SHEF-CE903,20200424_1457_X2_FAN47507_496cd77a,covid19-20200424-1587740213,19,V1
NV347345,SHEF-C84CC,20200505_1525_X2_FAN47519_c9d8b5d0,covid19-20200505-1588691813,1,V1
NV347335,SHEF-C6C7B,20200424_1457_X2_FAN47507_496cd77a,covid19-20200424-1587740213,2,V1
NV347276,SHEF-CF8C9,20200505_1525_X2_FAN47519_c9d8b5d0,covid19-20200505-1588691813,12,V1
NV347272,SHEF-CCD90,20200424_1456_X1_FAN43197_bf130bec,covid19-20200424-1587739881,20,V1
NV347250,SHEF-C9953,20200428_1431_X2_FAN33499_94ce9e05,covid19-20200428-1588084245,16,V1
NV347246,SHEF-C2213,20200423_1408_X2_FAN46539_e60f2b40,covid19-20200423-1587650885,7,V1
NV346793,SHEF-CF902,20200423_1408_X2_FAN46539_e60f2b40,covid19-20200423-1587650885,5,V1
NV346788,SHEF-D17E5,20200428_1431_X2_FAN33499_94ce9e05,covid19-20200428-1588084245,10,V1
NV346780,SHEF-C6859,20200423_1408_X2_FAN46539_e60f2b40,covid19-20200423-1587650885,3,V1
NV346738,SHEF-CBBA6,20200423_1408_X2_FAN46539_e60f2b40,covid19-20200423-1587650885,2,V1
NV346735,SHEF-D10CC,20200428_1428_X1_FAN40936_21126a56,covid19-20200428-1588084036,2,V1
NV346728,SHEF-CFB48,20200423_1347_X1_FAN43269_d941f767,covid19-20200423-1587649559,23,V1
NV346634,SHEF-CD403,20200428_1428_X1_FAN40936_21126a56,covid19-20200428-1588084036,11,V1
NV346624,SHEF-C78EF,20200424_1456_X1_FAN43197_bf130bec,covid19-20200424-1587739881,13,V1
NV346530,SHEF-D30BB,20200505_1525_X2_FAN47519_c9d8b5d0,covid19-20200505-1588691813,8,V1
NV346525,SHEF-C5F19,20200505_1525_X2_FAN47519_c9d8b5d0,covid19-20200505-1588691813,2,V1
NV346521,SHEF-C2055,20200428_1428_X1_FAN40936_21126a56,covid19-20200428-1588084036,6,V1
NV346520,SHEF-C4C13,20200505_1525_X2_FAN47519_c9d8b5d0,covid19-20200505-1588691813,3,V1
NV346519,SHEF-D34A0,20200423_1347_X1_FAN43269_d941f767,covid19-20200423-1587649559,12,V1
NV341841,SHEF-C6F36,20200422_1715_X5_FAN43363_cc3dbb16,covid19-20200422-1587571137,23,V1
NV357177,SHEF-C3300,20200422_1715_X5_FAN43363_cc3dbb16,covid19-20200422-1587571137,22,V1
NV346417,SHEF-C6464,20200422_1715_X5_FAN43363_cc3dbb16,covid19-20200422-1587571137,21,V1
NV345474,SHEF-CB414,20200422_1715_X5_FAN43363_cc3dbb16,covid19-20200422-1587571137,20,V1
NV347142,SHEF-C16AF,20200422_1715_X5_FAN43363_cc3dbb16,covid19-20200422-1587571137,19,V1
NV345122,SHEF-C6534,20200422_1715_X5_FAN43363_cc3dbb16,covid19-20200422-1587571137,18,V1
NV345187,SHEF-CC0C4,20200422_1715_X5_FAN43363_cc3dbb16,covid19-20200422-1587571137,17,V1
NV345130,SHEF-CB58A,20200422_1715_X5_FAN43363_cc3dbb16,covid19-20200422-1587571137,15,V1
NV345652,SHEF-CE2CC,20200422_1715_X5_FAN43363_cc3dbb16,covid19-20200422-1587571137,13,V1
NV347013,SHEF-C83A1,20200422_1715_X5_FAN43363_cc3dbb16,covid19-20200422-1587571137,12,V1
NV345890,SHEF-CE693,20200422_1715_X5_FAN43363_cc3dbb16,covid19-20200422-1587571137,11,V1
NV345238,SHEF-C6525,20200422_1715_X5_FAN43363_cc3dbb16,covid19-20200422-1587571137,10,V1
NV344554,SHEF-C5966,20200422_1715_X5_FAN43363_cc3dbb16,covid19-20200422-1587571137,9,V1
NV346231,SHEF-C9883,20200422_1715_X5_FAN43363_cc3dbb16,covid19-20200422-1587571137,8,V1
NV346905,SHEF-D2E58,20200422_1715_X5_FAN43363_cc3dbb16,covid19-20200422-1587571137,7,V1
NV345771,SHEF-C9A50,20200422_1715_X5_FAN43363_cc3dbb16,covid19-20200422-1587571137,6,V1
NV345895,SHEF-C4E95,20200422_1715_X5_FAN43363_cc3dbb16,covid19-20200422-1587571137,5,V1
NV346431,SHEF-D1475,20200422_1715_X5_FAN43363_cc3dbb16,covid19-20200422-1587571137,4,V1
NV347002,SHEF-C59C0,20200422_1715_X5_FAN43363_cc3dbb16,covid19-20200422-1587571137,3,V1
NV345338,SHEF-CFEE5,20200422_1715_X5_FAN43363_cc3dbb16,covid19-20200422-1587571137,2,V1
NV345739,SHEF-C821D,20200422_1715_X5_FAN43363_cc3dbb16,covid19-20200422-1587571137,1,V1
NV346897,SHEF-C28C6,20200422_1555_X3_FAN22121_3e678add,covid19-20200422-1587570734,23,V1
NV346305,SHEF-C6D1E,20200422_1555_X3_FAN22121_3e678add,covid19-20200422-1587570734,22,V1
NV357164,SHEF-C16DC,20200422_1555_X3_FAN22121_3e678add,covid19-20200422-1587570734,21,V1
NV347016,SHEF-D307F,20200422_1555_X3_FAN22121_3e678add,covid19-20200422-1587570734,19,V1
NV357153,SHEF-C3CC9,20200422_1555_X3_FAN22121_3e678add,covid19-20200422-1587570734,18,V1
NV344560,SHEF-C911F,20200422_1555_X3_FAN22121_3e678add,covid19-20200422-1587570734,17,V1
NV345221,SHEF-C15B1,20200422_1555_X3_FAN22121_3e678add,covid19-20200422-1587570734,16,V1
NV345759,SHEF-C85F6,20200422_1555_X3_FAN22121_3e678add,covid19-20200422-1587570734,15,V1
NV345774,SHEF-C46E8,20200422_1555_X3_FAN22121_3e678add,covid19-20200422-1587570734,13,V1
NV357176,SHEF-C8523,20200422_1555_X3_FAN22121_3e678add,covid19-20200422-1587570734,12,V1
NV346649,SHEF-C3458,20200422_1555_X3_FAN22121_3e678add,covid19-20200422-1587570734,11,V1
NV357166,SHEF-CF234,20200422_1555_X3_FAN22121_3e678add,covid19-20200422-1587570734,9,V1
NV345821,SHEF-CB9CA,20200422_1555_X3_FAN22121_3e678add,covid19-20200422-1587570734,7,V1
NV345336,SHEF-CF8D8,20200422_1555_X3_FAN22121_3e678add,covid19-20200422-1587570734,6,V1
NV344135,SHEF-CBCA3,20200422_1555_X3_FAN22121_3e678add,covid19-20200422-1587570734,5,V1
NV346084,SHEF-C83ED,20200422_1555_X3_FAN22121_3e678add,covid19-20200422-1587570734,4,V1
NV345344,SHEF-CD47C,20200422_1555_X3_FAN22121_3e678add,covid19-20200422-1587570734,3,V1
NV357067,SHEF-C3115,20200422_1555_X3_FAN22121_3e678add,covid19-20200422-1587570734,2,V1
NV345769,SHEF-C2C60,20200421_1450_X2_FAN43638_fa653d30,covid19-20200421-1587480569,23,V1
NV357174,SHEF-C668C,20200421_1450_X2_FAN43638_fa653d30,covid19-20200421-1587480569,22,V1
NV345230,SHEF-CF6A1,20200421_1450_X2_FAN43638_fa653d30,covid19-20200421-1587480569,21,V1
NV346294,SHEF-C90E5,20200421_1450_X2_FAN43638_fa653d30,covid19-20200421-1587480569,20,V1
NV347060,SHEF-C1F3B,20200421_1450_X2_FAN43638_fa653d30,covid19-20200421-1587480569,19,V1
NV344435,SHEF-CFE6D,20200421_1450_X2_FAN43638_fa653d30,covid19-20200421-1587480569,18,V1
NV346351,SHEF-C8374,20200421_1450_X2_FAN43638_fa653d30,covid19-20200421-1587480569,16,V1
NV345331,SHEF-CFB57,20200421_1450_X2_FAN43638_fa653d30,covid19-20200421-1587480569,15,V1
NV346439,SHEF-C7F9F,20200421_1450_X2_FAN43638_fa653d30,covid19-20200421-1587480569,14,V1
NV345755,SHEF-CE129,20200421_1450_X2_FAN43638_fa653d30,covid19-20200421-1587480569,13,V1
NV347018,SHEF-C0F69,20200421_1450_X2_FAN43638_fa653d30,covid19-20200421-1587480569,12,V1
NV344442,SHEF-D029A,20200421_1450_X2_FAN43638_fa653d30,covid19-20200421-1587480569,10,V1
NV347143,SHEF-C5D6A,20200421_1450_X2_FAN43638_fa653d30,covid19-20200421-1587480569,8,V1
NV346903,SHEF-C87F0,20200421_1450_X2_FAN43638_fa653d30,covid19-20200421-1587480569,7,V1
NV346271,SHEF-D2465,20200421_1450_X2_FAN43638_fa653d30,covid19-20200421-1587480569,6,V1
NV345624,SHEF-C8CE2,20200421_1450_X2_FAN43638_fa653d30,covid19-20200421-1587480569,4,V1
NV346876,SHEF-C0C35,20200421_1450_X2_FAN43638_fa653d30,covid19-20200421-1587480569,3,V1
NV345312,SHEF-C0E7B,20200421_1450_X2_FAN43638_fa653d30,covid19-20200421-1587480569,2,V1
NV344015,SHEF-C1CE9,20200421_1450_X2_FAN43638_fa653d30,covid19-20200421-1587480569,1,V1
NV341273,SHEF-CEA6A,20200421_1445_X1_FAN47493_10d635a8,covid19-20200421-1587480258,22,V1
NV343384,SHEF-D2702,20200421_1445_X1_FAN47493_10d635a8,covid19-20200421-1587480258,21,V1
NV344461,SHEF-CB353,20200421_1445_X1_FAN47493_10d635a8,covid19-20200421-1587480258,20,V1
NV347070,SHEF-D10F9,20200421_1445_X1_FAN47493_10d635a8,covid19-20200421-1587480258,19,V1
NV345129,SHEF-CCF4F,20200421_1445_X1_FAN47493_10d635a8,covid19-20200421-1587480258,18,V1
NV345888,SHEF-C3090,20200421_1445_X1_FAN47493_10d635a8,covid19-20200421-1587480258,17,V1
NV345340,SHEF-C9D39,20200421_1445_X1_FAN47493_10d635a8,covid19-20200421-1587480258,16,V1
NV344022,SHEF-CE0C2,20200421_1445_X1_FAN47493_10d635a8,covid19-20200421-1587480258,15,V1
NV346424,SHEF-C72B4,20200421_1445_X1_FAN47493_10d635a8,covid19-20200421-1587480258,13,V1
NV347076,SHEF-CA1C3,20200421_1445_X1_FAN47493_10d635a8,covid19-20200421-1587480258,12,V1
NV345372,SHEF-D0F84,20200421_1445_X1_FAN47493_10d635a8,covid19-20200421-1587480258,11,V1
NV344427,SHEF-C774C,20200421_1445_X1_FAN47493_10d635a8,covid19-20200421-1587480258,10,V1
NV345242,SHEF-C65F8,20200421_1445_X1_FAN47493_10d635a8,covid19-20200421-1587480258,9,V1
NV341440,SHEF-C830B,20200421_1445_X1_FAN47493_10d635a8,covid19-20200421-1587480258,8,V1
NV345746,SHEF-D1C31,20200421_1445_X1_FAN47493_10d635a8,covid19-20200421-1587480258,7,V1
NV346998,SHEF-C32C7,20200421_1445_X1_FAN47493_10d635a8,covid19-20200421-1587480258,6,V1
NV343638,SHEF-D1CD7,20200421_1445_X1_FAN47493_10d635a8,covid19-20200421-1587480258,5,V1
NV346447,SHEF-D2A54,20200421_1445_X1_FAN47493_10d635a8,covid19-20200421-1587480258,4,V1
NV342951,SHEF-C49C1,20200421_1445_X1_FAN47493_10d635a8,covid19-20200421-1587480258,3,V1
NV346564,SHEF-C30DC,20200421_1445_X1_FAN47493_10d635a8,covid19-20200421-1587480258,2,V1
NV346461,SHEF-C343A,20200421_1445_X1_FAN47493_10d635a8,covid19-20200421-1587480258,1,V1
NV356370,SHEF-D3358,20200423_1347_X1_FAN43269_d941f767,covid19-20200423-1587649559,16,V1
NV356393,SHEF-C906D,20200424_1456_X1_FAN43197_bf130bec,covid19-20200424-1587739881,10,V1
NV356402,SHEF-C6367,20200424_1456_X1_FAN43197_bf130bec,covid19-20200424-1587739881,5,V1
NV356422,SHEF-C62A6,20200424_1457_X2_FAN47507_496cd77a,covid19-20200424-1587740213,7,V1
NV356420,SHEF-C393B,20200424_1457_X2_FAN47507_496cd77a,covid19-20200424-1587740213,9,V1
NV353592,SHEF-C7C98,20200416_1433_X3_FAN40919_2ffcd43e,covid19-20200416-1587047547,22,V1
NV350988,SHEF-CB854,20200416_1433_X3_FAN40919_2ffcd43e,covid19-20200416-1587047547,21,V1
NV353079,SHEF-C526B,20200416_1433_X3_FAN40919_2ffcd43e,covid19-20200416-1587047547,20,V1
NV353710,SHEF-CFF3D,20200416_1433_X3_FAN40919_2ffcd43e,covid19-20200416-1587047547,14,V1
NV354048,SHEF-C958C,20200416_1433_X3_FAN40919_2ffcd43e,covid19-20200416-1587047547,13,V1
NV355700,SHEF-C7418,20200416_1433_X3_FAN40919_2ffcd43e,covid19-20200416-1587047547,10,V1
NV352332,SHEF-D1536,20200416_1433_X3_FAN40919_2ffcd43e,covid19-20200416-1587047547,8,V1
NV353706,SHEF-CA65B,20200416_1433_X3_FAN40919_2ffcd43e,covid19-20200416-1587047547,7,V1
NV350747,SHEF-C1E4D,20200416_1433_X3_FAN40919_2ffcd43e,covid19-20200416-1587047547,5,V1
NV353708,SHEF-CC5A7,20200416_1433_X3_FAN40919_2ffcd43e,covid19-20200416-1587047547,2,V1
NV355066,SHEF-C13C6,20200416_1433_X3_FAN40919_2ffcd43e,covid19-20200416-1587047547,1,V1
NV352327,SHEF-C56BA,20200416_1430_X2_FAN43522_5a2ec3da,covid19-20200416-1587047330,23,V1
NV352331,SHEF-C3CF6,20200416_1430_X2_FAN43522_5a2ec3da,covid19-20200416-1587047330,22,V1
NV347391,SHEF-CB0F2,20200416_1430_X2_FAN43522_5a2ec3da,covid19-20200416-1587047330,20,V1
NV349346,SHEF-C3494,20200416_1430_X2_FAN43522_5a2ec3da,covid19-20200416-1587047330,19,V1
NV352326,SHEF-CAE9F,20200416_1430_X2_FAN43522_5a2ec3da,covid19-20200416-1587047330,17,V1
NV354610,SHEF-C6622,20200416_1430_X2_FAN43522_5a2ec3da,covid19-20200416-1587047330,7,V1
NV352325,SHEF-D2DC4,20200416_1430_X2_FAN43522_5a2ec3da,covid19-20200416-1587047330,6,V1
NV349989,SHEF-C0E11,20200416_1430_X2_FAN43522_5a2ec3da,covid19-20200416-1587047330,5,V1
NV349988,SHEF-CDCB0,20200416_1430_X2_FAN43522_5a2ec3da,covid19-20200416-1587047330,4,V1
NV355067,SHEF-D223E,20200416_1430_X2_FAN43522_5a2ec3da,covid19-20200416-1587047330,3,V1
NV354878,SHEF-D093B,20200416_1433_X3_FAN40919_2ffcd43e,covid19-20200416-1587047547,12,V1
NV354891,SHEF-D1080,20200416_1430_X2_FAN43522_5a2ec3da,covid19-20200416-1587047330,2,V1
NV353147,SHEF-CE60C,20200417_1432_X5_FAN43351_c218caea,covid19-20200417-1587133909,4,V1
NV354095,SHEF-C3A56,20200417_1432_X5_FAN43351_c218caea,covid19-20200417-1587133909,6,V1
NV353146,SHEF-CEC55,20200417_1432_X5_FAN43351_c218caea,covid19-20200417-1587133909,5,V1
NV352828,SHEF-CD04B,20200417_1432_X5_FAN43351_c218caea,covid19-20200417-1587133909,2,V1
NV353319,SHEF-C708D,20200417_1432_X5_FAN43351_c218caea,covid19-20200417-1587133909,8,V1
NV353528,SHEF-C3DB7,20200417_1432_X5_FAN43351_c218caea,covid19-20200417-1587133909,21,V1
NV352840,SHEF-CC45F,20200428_1428_X1_FAN40936_21126a56,covid19-20200428-1588084036,16,V1
NV354315,SHEF-CD60D,20200430_1023_X3_FAN43113_a19cfd7d,covid19-20200430-1588242047,19,V1
NV354338,SHEF-C7FAE,20200430_1023_X3_FAN43113_a19cfd7d,covid19-20200430-1588242047,13,V1
NV354654,SHEF-D2DE2,20200430_1023_X3_FAN43113_a19cfd7d,covid19-20200430-1588242047,12,V1
NV354757,SHEF-C8F9E,20200430_1023_X3_FAN43113_a19cfd7d,covid19-20200430-1588242047,11,V1
NV354195,SHEF-D14FD,20200430_1023_X3_FAN43113_a19cfd7d,covid19-20200430-1588242047,9,V1
NV354861,SHEF-C0CEA,20200430_1023_X3_FAN43113_a19cfd7d,covid19-20200430-1588242047,8,V1
NV354751,SHEF-D1518,20200430_1023_X3_FAN43113_a19cfd7d,covid19-20200430-1588242047,7,V1
NV354755,SHEF-CF252,20200430_1023_X3_FAN43113_a19cfd7d,covid19-20200430-1588242047,6,V1
NV354756,SHEF-CA178,20200430_1023_X3_FAN43113_a19cfd7d,covid19-20200430-1588242047,4,V1
NV354836,SHEF-C69DE,20200430_1023_X3_FAN43113_a19cfd7d,covid19-20200430-1588242047,3,V1
NV354865,SHEF-C89EB,20200430_1023_X3_FAN43113_a19cfd7d,covid19-20200430-1588242047,2,V1
NV352818,SHEF-C2028,20200417_1432_X5_FAN43351_c218caea,covid19-20200417-1587133909,14,V1
NV352832,SHEF-D0591,20200417_1432_X5_FAN43351_c218caea,covid19-20200417-1587133909,11,V1
NV353705,SHEF-CE684,20200428_1428_X1_FAN40936_21126a56,covid19-20200428-1588084036,20,V1
NV353693,SHEF-C440C,20200428_1428_X1_FAN40936_21126a56,covid19-20200428-1588084036,21,V1
NV353083,SHEF-C8B8B,20200417_1432_X5_FAN43351_c218caea,covid19-20200417-1587133909,13,V1
NV353044,SHEF-D23B3,20200428_1431_X2_FAN33499_94ce9e05,covid19-20200428-1588084245,4,V1
NV353697,SHEF-C7A34,20200428_1428_X1_FAN40936_21126a56,covid19-20200428-1588084036,18,V1
NV351258,SHEF-C52C5,20200430_1023_X3_FAN43113_a19cfd7d,covid19-20200430-1588242047,20,V1
NV352290,SHEF-CDE05,20200416_1433_X3_FAN40919_2ffcd43e,covid19-20200416-1587047547,19,V1
NV352604,SHEF-D2BD9,20200416_1430_X2_FAN43522_5a2ec3da,covid19-20200416-1587047330,15,V1
NV352965,SHEF-CFBEE,20200416_1430_X2_FAN43522_5a2ec3da,covid19-20200416-1587047330,8,V1
NV392133,SHEF-C7F17,20200416_1430_X2_FAN43522_5a2ec3da,covid19-20200416-1587047330,9,V1
NV352834,SHEF-C6DE1,20200416_1433_X3_FAN40919_2ffcd43e,covid19-20200416-1587047547,17,V1
NV353579,SHEF-C2E5B,20200416_1433_X3_FAN40919_2ffcd43e,covid19-20200416-1587047547,16,V1
NV352966,SHEF-CC431,20200505_1442_X3_FAN22694_07e9275e,covid19-20200505-1588689524,12,V1
NV352030,SHEF-CDA2F,20200505_1442_X3_FAN22694_07e9275e,covid19-20200505-1588689524,19,V1
NV352024,SHEF-CCB5A,20200416_1433_X3_FAN40919_2ffcd43e,covid19-20200416-1587047547,6,V1
NV392147,SHEF-C9D48,20200505_1442_X3_FAN22694_07e9275e,covid19-20200505-1588689524,22,V1
NV353917,SHEF-C192E,20200505_1442_X3_FAN22694_07e9275e,covid19-20200505-1588689524,13,V1
NV351217,SHEF-CFCAF,20200430_1023_X3_FAN43113_a19cfd7d,covid19-20200430-1588242047,17,V1
NV351241,SHEF-C196A,20200430_1023_X3_FAN43113_a19cfd7d,covid19-20200430-1588242047,1,V1
NV351262,SHEF-C2D03,20200430_1023_X3_FAN43113_a19cfd7d,covid19-20200430-1588242047,15,V1
NV351218,SHEF-CD6EF,20200430_1023_X3_FAN43113_a19cfd7d,covid19-20200430-1588242047,23,V1
NV352723,SHEF-C57B7,20200430_1023_X3_FAN43113_a19cfd7d,covid19-20200430-1588242047,16,V1
NV352708,SHEF-CB63C,20200430_1023_X3_FAN43113_a19cfd7d,covid19-20200430-1588242047,21,V1
NV352705,SHEF-D0CBA,20200430_1023_X3_FAN43113_a19cfd7d,covid19-20200430-1588242047,14,V1
NV352740,SHEF-C1E98,20200430_1023_X3_FAN43113_a19cfd7d,covid19-20200430-1588242047,18,V1
NV351597,SHEF-CC0F1,20200417_1432_X5_FAN43351_c218caea,covid19-20200417-1587133909,10,V1
NV351579,SHEF-C77F1,20200417_1432_X5_FAN43351_c218caea,covid19-20200417-1587133909,1,V1
NV351573,SHEF-C4800,20200428_1428_X1_FAN40936_21126a56,covid19-20200428-1588084036,19,V1
NV351601,SHEF-D12D5,20200417_1432_X5_FAN43351_c218caea,covid19-20200417-1587133909,3,V1
NV351614,SHEF-CAE71,20200428_1431_X2_FAN33499_94ce9e05,covid19-20200428-1588084245,5,V1
NV352082,SHEF-C916A,20200417_1432_X5_FAN43351_c218caea,covid19-20200417-1587133909,23,V1
NV352071,SHEF-C4396,20200417_1429_X4_FAN22542_85cba90f,covid19-20200417-1587133641,2,V1
NV352272,SHEF-C5395,20200417_1429_X4_FAN22542_85cba90f,covid19-20200417-1587133641,22,V1
NV352333,SHEF-C9F33,20200417_1429_X4_FAN22542_85cba90f,covid19-20200417-1587133641,9,V1
NV352539,SHEF-C8C79,20200417_1429_X4_FAN22542_85cba90f,covid19-20200417-1587133641,10,V1
NV352237,SHEF-CAB89,20200417_1429_X4_FAN22542_85cba90f,covid19-20200417-1587133641,6,V1
NV352437,SHEF-CDED8,20200417_1429_X4_FAN22542_85cba90f,covid19-20200417-1587133641,5,V1
NV352224,SHEF-CA21B,20200417_1429_X4_FAN22542_85cba90f,covid19-20200417-1587133641,8,V1
NV352205,SHEF-C3634,20200417_1429_X4_FAN22542_85cba90f,covid19-20200417-1587133641,21,V1
NV352273,SHEF-C5FDD,20200417_1432_X5_FAN43351_c218caea,covid19-20200417-1587133909,20,V1
NV352218,SHEF-D174F,20200417_1432_X5_FAN43351_c218caea,covid19-20200417-1587133909,22,V1
NV352221,SHEF-CEC0A,20200417_1429_X4_FAN22542_85cba90f,covid19-20200417-1587133641,20,V1
NV352431,SHEF-C9294,20200417_1432_X5_FAN43351_c218caea,covid19-20200417-1587133909,17,V1
NV352429,SHEF-CC8AE,20200417_1429_X4_FAN22542_85cba90f,covid19-20200417-1587133641,18,V1
NV352276,SHEF-C9B02,20200417_1429_X4_FAN22542_85cba90f,covid19-20200417-1587133641,23,V1
NV352350,SHEF-C7700,20200417_1429_X4_FAN22542_85cba90f,covid19-20200417-1587133641,12,V1
NV351202,SHEF-C2C51,20200417_1429_X4_FAN22542_85cba90f,covid19-20200417-1587133641,1,V1
NV351814,SHEF-CE96D,20200417_1429_X4_FAN22542_85cba90f,covid19-20200417-1587133641,13,V1
NV351806,SHEF-D169D,20200417_1429_X4_FAN22542_85cba90f,covid19-20200417-1587133641,16,V1
NV351800,SHEF-C233E,20200417_1429_X4_FAN22542_85cba90f,covid19-20200417-1587133641,14,V1
NV351919,SHEF-CA1B4,20200417_1432_X5_FAN43351_c218caea,covid19-20200417-1587133909,19,V1
NV351802,SHEF-C3133,20200417_1429_X4_FAN22542_85cba90f,covid19-20200417-1587133641,19,V1
NV351820,SHEF-C8338,20200417_1429_X4_FAN22542_85cba90f,covid19-20200417-1587133641,7,V1
NV349883,SHEF-C7991,20200505_1447_X5_FAN40856_8c6b4e22,covid19-20200505-1588690009,12,V1
NV353626,SHEF-C9ABA,20200416_1430_X2_FAN43522_5a2ec3da,covid19-20200416-1587047330,18,V1
NV351564,SHEF-D0731,20200410_1613_X4_FAN22237_fbe272ed,covid19-20200410-1586535174,21,V1
NV351502,SHEF-C8963,20200410_1613_X4_FAN22237_fbe272ed,covid19-20200410-1586535174,20,V1
NV353148,SHEF-C3212,20200410_1613_X4_FAN22237_fbe272ed,covid19-20200410-1586535174,19,V1
NV351610,SHEF-C5B42,20200410_1613_X4_FAN22237_fbe272ed,covid19-20200410-1586535174,18,V1
NV352830,SHEF-C1E10,20200410_1613_X4_FAN22237_fbe272ed,covid19-20200410-1586535174,17,V1
NV352964,SHEF-C7937,20200410_1613_X4_FAN22237_fbe272ed,covid19-20200410-1586535174,16,V1
NV352829,SHEF-CE4C6,20200410_1613_X4_FAN22237_fbe272ed,covid19-20200410-1586535174,15,V1
NV354094,SHEF-C8A60,20200410_1613_X4_FAN22237_fbe272ed,covid19-20200410-1586535174,14,V1
NV351565,SHEF-C79CE,20200410_1547_X5_FAL73998_9ae85491,covid19-20200410-1586533625,20,V1
NV353090,SHEF-C4FCF,20200410_1547_X5_FAL73998_9ae85491,covid19-20200410-1586533625,19,V1
NV352962,SHEF-C22C8,20200410_1547_X5_FAL73998_9ae85491,covid19-20200410-1586533625,18,V1
NV351611,SHEF-CF191,20200410_1547_X5_FAL73998_9ae85491,covid19-20200410-1586533625,17,V1
NV353525,SHEF-CB669,20200410_1547_X5_FAL73998_9ae85491,covid19-20200410-1586533625,16,V1
NV351466,SHEF-C608E,20200410_1547_X5_FAL73998_9ae85491,covid19-20200410-1586533625,15,V1
NV353137,SHEF-CA169,20200410_1547_X5_FAL73998_9ae85491,covid19-20200410-1586533625,14,V1
NV351617,SHEF-C6789,20200410_1547_X5_FAL73998_9ae85491,covid19-20200410-1586533625,13,V1
NV349881,SHEF-CFE21,20200410_1544_X3_FAN42902_2e922ab1,covid19-20200410-1586533428,23,V1
NV350108,SHEF-C5DD3,20200410_1544_X3_FAN42902_2e922ab1,covid19-20200410-1586533428,22,V1
NV350124,SHEF-D13D2,20200410_1544_X3_FAN42902_2e922ab1,covid19-20200410-1586533428,21,V1
NV350549,SHEF-C76E5,20200410_1544_X3_FAN42902_2e922ab1,covid19-20200410-1586533428,20,V1
NV350510,SHEF-C384D,20200410_1544_X3_FAN42902_2e922ab1,covid19-20200410-1586533428,19,V1
NV350546,SHEF-D0C9C,20200410_1544_X3_FAN42902_2e922ab1,covid19-20200410-1586533428,18,V1
NV350500,SHEF-CA697,20200410_1544_X3_FAN42902_2e922ab1,covid19-20200410-1586533428,17,V1
NV350484,SHEF-D15DC,20200410_1544_X3_FAN42902_2e922ab1,covid19-20200410-1586533428,16,V1
NV350492,SHEF-CDE32,20200410_1544_X3_FAN42902_2e922ab1,covid19-20200410-1586533428,15,V1
NV350000,SHEF-C7ABC,20200410_1544_X3_FAN42902_2e922ab1,covid19-20200410-1586533428,14,V1
NV350548,SHEF-CCDCD,20200410_1544_X3_FAN42902_2e922ab1,covid19-20200410-1586533428,13,V1
NV350822,SHEF-C806E,20200410_1544_X3_FAN42902_2e922ab1,covid19-20200410-1586533428,12,V1
NV350129,SHEF-C4CE6,20200410_1544_X3_FAN42902_2e922ab1,covid19-20200410-1586533428,11,V1
NV350093,SHEF-CF911,20200410_1544_X3_FAN42902_2e922ab1,covid19-20200410-1586533428,10,V1
NV348345,SHEF-C2F76,20200410_1544_X3_FAN42902_2e922ab1,covid19-20200410-1586533428,9,V1
NV350823,SHEF-CCC93,20200410_1544_X3_FAN42902_2e922ab1,covid19-20200410-1586533428,8,V1
NV349849,SHEF-CA70D,20200410_1544_X3_FAN42902_2e922ab1,covid19-20200410-1586533428,7,V1
NV349848,SHEF-D259F,20200410_1544_X3_FAN42902_2e922ab1,covid19-20200410-1586533428,6,V1
NV350127,SHEF-CCAB7,20200410_1544_X3_FAN42902_2e922ab1,covid19-20200410-1586533428,5,V1
NV349731,SHEF-C3230,20200410_1544_X3_FAN42902_2e922ab1,covid19-20200410-1586533428,4,V1
NV350497,SHEF-CDCCF,20200410_1544_X3_FAN42902_2e922ab1,covid19-20200410-1586533428,3,V1
NV350489,SHEF-C4493,20200410_1544_X3_FAN42902_2e922ab1,covid19-20200410-1586533428,2,V1
NV350558,SHEF-CD52E,20200410_1544_X3_FAN42902_2e922ab1,covid19-20200410-1586533428,1,V1
NV353567,SHEF-C706F,20200409_1421_X2_FAN43331_809a7a21,covid19-20200409-1586442062,23,V1
NV353152,SHEF-D11D8,20200409_1421_X2_FAN43331_809a7a21,covid19-20200409-1586442062,22,V1
NV352710,SHEF-C3959,20200409_1421_X2_FAN43331_809a7a21,covid19-20200409-1586442062,20,V1
NV354353,SHEF-C7797,20200409_1421_X2_FAN43331_809a7a21,covid19-20200409-1586442062,18,V1
NV354312,SHEF-CD430,20200409_1421_X2_FAN43331_809a7a21,covid19-20200409-1586442062,15,V1
NV355041,SHEF-C8408,20200409_1421_X2_FAN43331_809a7a21,covid19-20200409-1586442062,14,V1
NV352836,SHEF-C522F,20200409_1421_X2_FAN43331_809a7a21,covid19-20200409-1586442062,13,V1
NV352735,SHEF-D08F2,20200409_1421_X2_FAN43331_809a7a21,covid19-20200409-1586442062,12,V1
NV352752,SHEF-D1053,20200409_1421_X2_FAN43331_809a7a21,covid19-20200409-1586442062,11,V1
NV354554,SHEF-CD2AF,20200409_1421_X2_FAN43331_809a7a21,covid19-20200409-1586442062,10,V1
NV354868,SHEF-C28F3,20200409_1421_X2_FAN43331_809a7a21,covid19-20200409-1586442062,9,V1
NV354107,SHEF-C8AE8,20200409_1421_X2_FAN43331_809a7a21,covid19-20200409-1586442062,8,V1
NV354897,SHEF-D1A55,20200409_1421_X2_FAN43331_809a7a21,covid19-20200409-1586442062,7,V1
NV354194,SHEF-CB1A4,20200409_1421_X2_FAN43331_809a7a21,covid19-20200409-1586442062,6,V1
NV354837,SHEF-C7788,20200409_1421_X2_FAN43331_809a7a21,covid19-20200409-1586442062,5,V1
NV354853,SHEF-D2C8B,20200409_1421_X2_FAN43331_809a7a21,covid19-20200409-1586442062,4,V1
NV352815,SHEF-C1812,20200409_1421_X2_FAN43331_809a7a21,covid19-20200409-1586442062,3,V1
NV354313,SHEF-D1FED,20200409_1421_X2_FAN43331_809a7a21,covid19-20200409-1586442062,2,V1
NV354888,SHEF-C9E36,20200409_1421_X2_FAN43331_809a7a21,covid19-20200409-1586442062,1,V1
NV352734,SHEF-CEB1C,20200409_1417_X1_FAN35206_a0e6ab8a,covid19-20200409-1586441478,21,V1
NV352744,SHEF-CF067,20200409_1417_X1_FAN35206_a0e6ab8a,covid19-20200409-1586441478,20,V1
NV353072,SHEF-D2869,20200409_1417_X1_FAN35206_a0e6ab8a,covid19-20200409-1586441478,18,V1
NV354899,SHEF-CD3E8,20200409_1417_X1_FAN35206_a0e6ab8a,covid19-20200409-1586441478,17,V1
NV353589,SHEF-CECEC,20200409_1417_X1_FAN35206_a0e6ab8a,covid19-20200409-1586441478,16,V1
NV351596,SHEF-C45BE,20200409_1417_X1_FAN35206_a0e6ab8a,covid19-20200409-1586441478,15,V1
NV351505,SHEF-C18E5,20200409_1417_X1_FAN35206_a0e6ab8a,covid19-20200409-1586441478,14,V1
NV351209,SHEF-C2DB8,20200409_1417_X1_FAN35206_a0e6ab8a,covid19-20200409-1586441478,12,V1
NV354833,SHEF-CE89D,20200409_1417_X1_FAN35206_a0e6ab8a,covid19-20200409-1586441478,11,V1
NV354840,SHEF-C7BB9,20200409_1417_X1_FAN35206_a0e6ab8a,covid19-20200409-1586441478,10,V1
NV352816,SHEF-CBF31,20200409_1417_X1_FAN35206_a0e6ab8a,covid19-20200409-1586441478,9,V1
NV353085,SHEF-CA749,20200409_1417_X1_FAN35206_a0e6ab8a,covid19-20200409-1586441478,8,V1
NV354731,SHEF-C67C5,20200409_1417_X1_FAN35206_a0e6ab8a,covid19-20200409-1586441478,7,V1
NV353568,SHEF-D179A,20200409_1417_X1_FAN35206_a0e6ab8a,covid19-20200409-1586441478,6,V1
NV354106,SHEF-C95AA,20200409_1417_X1_FAN35206_a0e6ab8a,covid19-20200409-1586441478,5,V1
NV353055,SHEF-C715D,20200409_1417_X1_FAN35206_a0e6ab8a,covid19-20200409-1586441478,4,V1
NV355047,SHEF-C11BD,20200409_1417_X1_FAN35206_a0e6ab8a,covid19-20200409-1586441478,3,V1
NV354424,SHEF-CEDE9,20200409_1417_X1_FAN35206_a0e6ab8a,covid19-20200409-1586441478,2,V1
NV351260,SHEF-C3485,20200409_1417_X1_FAN35206_a0e6ab8a,covid19-20200409-1586441478,1,V1
NV353232,SHEF-C815C,20200408_1742_X4_FAN22409_ad422583,covid19-20200408-1586367557,22,V1
NV353047,SHEF-CA6E2,20200408_1742_X4_FAN22409_ad422583,covid19-20200408-1586367557,20,V1
NV351503,SHEF-C1B37,20200408_1742_X4_FAN22409_ad422583,covid19-20200408-1586367557,19,V1
NV352968,SHEF-CC52F,20200408_1742_X4_FAN22409_ad422583,covid19-20200408-1586367557,18,V1
NV351615,SHEF-C914C,20200408_1742_X4_FAN22409_ad422583,covid19-20200408-1586367557,17,V1
NV353151,SHEF-C3F84,20200408_1742_X4_FAN22409_ad422583,covid19-20200408-1586367557,16,V1
NV351559,SHEF-D33C1,20200408_1742_X4_FAN22409_ad422583,covid19-20200408-1586367557,15,V1
NV354092,SHEF-D20CB,20200408_1742_X4_FAN22409_ad422583,covid19-20200408-1586367557,14,V1
NV351616,SHEF-C319D,20200408_1742_X4_FAN22409_ad422583,covid19-20200408-1586367557,13,V1
NV351572,SHEF-C1645,20200408_1742_X4_FAN22409_ad422583,covid19-20200408-1586367557,12,V1
NV351469,SHEF-CD315,20200408_1742_X4_FAN22409_ad422583,covid19-20200408-1586367557,11,V1
NV352839,SHEF-D1DE3,20200408_1742_X4_FAN22409_ad422583,covid19-20200408-1586367557,10,V1
NV354082,SHEF-CF261,20200408_1742_X4_FAN22409_ad422583,covid19-20200408-1586367557,9,V1
NV352819,SHEF-C9030,20200408_1742_X4_FAN22409_ad422583,covid19-20200408-1586367557,8,V1
NV353318,SHEF-C69CF,20200408_1742_X4_FAN22409_ad422583,covid19-20200408-1586367557,7,V1
NV351578,SHEF-CAAC8,20200408_1742_X4_FAN22409_ad422583,covid19-20200408-1586367557,6,V1
NV351621,SHEF-C66D7,20200408_1742_X4_FAN22409_ad422583,covid19-20200408-1586367557,5,V1
NV352817,SHEF-CC64A,20200408_1742_X4_FAN22409_ad422583,covid19-20200408-1586367557,4,V1
NV351575,SHEF-C5D79,20200408_1742_X4_FAN22409_ad422583,covid19-20200408-1586367557,3,V1
NV353041,SHEF-C49A3,20200408_1742_X4_FAN22409_ad422583,covid19-20200408-1586367557,2,V1
NV351608,SHEF-C493A,20200408_1742_X4_FAN22409_ad422583,covid19-20200408-1586367557,1,V1
NV349998,SHEF-CAF7E,20200408_1734_X3_FAN22873_6c2a2761,covid19-20200408-1586366756,24,V1
NV350511,SHEF-CA1D2,20200408_1734_X3_FAN22873_6c2a2761,covid19-20200408-1586366756,23,V1
NV349860,SHEF-D29B1,20200408_1734_X3_FAN22873_6c2a2761,covid19-20200408-1586366756,22,V1
NV350180,SHEF-CE1B0,20200408_1734_X3_FAN22873_6c2a2761,covid19-20200408-1586366756,21,V1
NV352278,SHEF-D0054,20200407_1540_X2_FAN47604_a7d03d24,covid19-20200407-1586273998,23,V1
NV352236,SHEF-CCED9,20200407_1540_X2_FAN47604_a7d03d24,covid19-20200407-1586273998,22,V1
NV351798,SHEF-CFA1E,20200407_1540_X2_FAN47604_a7d03d24,covid19-20200407-1586273998,20,V1
NV352066,SHEF-CA7EF,20200407_1540_X2_FAN47604_a7d03d24,covid19-20200407-1586273998,19,V1
NV352591,SHEF-C4581,20200407_1540_X2_FAN47604_a7d03d24,covid19-20200407-1586273998,18,V1
NV352067,SHEF-CEA1F,20200407_1540_X2_FAN47604_a7d03d24,covid19-20200407-1586273998,17,V1
NV352520,SHEF-CDAD4,20200407_1540_X2_FAN47604_a7d03d24,covid19-20200407-1586273998,16,V1
NV352217,SHEF-C35BF,20200407_1540_X2_FAN47604_a7d03d24,covid19-20200407-1586273998,15,V1
NV352231,SHEF-C2B45,20200407_1540_X2_FAN47604_a7d03d24,covid19-20200407-1586273998,14,V1
NV351916,SHEF-CDDF9,20200407_1540_X2_FAN47604_a7d03d24,covid19-20200407-1586273998,13,V1
NV352280,SHEF-C2F49,20200407_1540_X2_FAN47604_a7d03d24,covid19-20200407-1586273998,12,V1
NV352232,SHEF-CA0D5,20200407_1540_X2_FAN47604_a7d03d24,covid19-20200407-1586273998,11,V1
NV351810,SHEF-C757F,20200407_1540_X2_FAN47604_a7d03d24,covid19-20200407-1586273998,10,V1
NV351912,SHEF-CED9E,20200407_1540_X2_FAN47604_a7d03d24,covid19-20200407-1586273998,9,V1
NV351808,SHEF-CB247,20200407_1540_X2_FAN47604_a7d03d24,covid19-20200407-1586273998,8,V1
NV352234,SHEF-D1E2C,20200407_1540_X2_FAN47604_a7d03d24,covid19-20200407-1586273998,6,V1
NV351786,SHEF-C2310,20200407_1540_X2_FAN47604_a7d03d24,covid19-20200407-1586273998,5,V1
NV351813,SHEF-CBEE9,20200407_1540_X2_FAN47604_a7d03d24,covid19-20200407-1586273998,4,V1
NV351811,SHEF-C81D4,20200407_1540_X2_FAN47604_a7d03d24,covid19-20200407-1586273998,3,V1
NV352424,SHEF-D2386,20200407_1540_X2_FAN47604_a7d03d24,covid19-20200407-1586273998,2,V1
NV352084,SHEF-D275D,20200407_1540_X2_FAN47604_a7d03d24,covid19-20200407-1586273998,1,V1
NV352271,SHEF-C8620,20200407_1536_X1_FAN22341_371f3ae8,covid19-20200407-1586273790,24,V1
NV352283,SHEF-D227A,20200407_1536_X1_FAN22341_371f3ae8,covid19-20200407-1586273790,23,V1
NV351807,SHEF-C1E01,20200407_1536_X1_FAN22341_371f3ae8,covid19-20200407-1586273790,22,V1
NV352078,SHEF-CB3F9,20200407_1536_X1_FAN22341_371f3ae8,covid19-20200407-1586273790,21,V1
NV351801,SHEF-C35CE,20200407_1536_X1_FAN22341_371f3ae8,covid19-20200407-1586273790,20,V1
NV352419,SHEF-C3DF3,20200407_1536_X1_FAN22341_371f3ae8,covid19-20200407-1586273790,19,V1
NV352543,SHEF-C72E1,20200407_1536_X1_FAN22341_371f3ae8,covid19-20200407-1586273790,18,V1
NV352223,SHEF-D1E95,20200407_1536_X1_FAN22341_371f3ae8,covid19-20200407-1586273790,17,V1
NV352069,SHEF-C0BA1,20200407_1536_X1_FAN22341_371f3ae8,covid19-20200407-1586273790,16,V1
NV352080,SHEF-CDF5D,20200407_1536_X1_FAN22341_371f3ae8,covid19-20200407-1586273790,15,V1
NV352519,SHEF-CCC75,20200407_1536_X1_FAN22341_371f3ae8,covid19-20200407-1586273790,14,V1
NV351189,SHEF-CFEF4,20200407_1536_X1_FAN22341_371f3ae8,covid19-20200407-1586273790,13,V1
NV352291,SHEF-C100B,20200407_1536_X1_FAN22341_371f3ae8,covid19-20200407-1586273790,12,V1
NV352425,SHEF-C8DFE,20200407_1536_X1_FAN22341_371f3ae8,covid19-20200407-1586273790,11,V1
NV352423,SHEF-CE860,20200407_1536_X1_FAN22341_371f3ae8,covid19-20200407-1586273790,10,V1
NV352577,SHEF-C2222,20200407_1536_X1_FAN22341_371f3ae8,covid19-20200407-1586273790,9,V1
NV350113,SHEF-C8532,20200407_1536_X1_FAN22341_371f3ae8,covid19-20200407-1586273790,8,V1
NV350551,SHEF-C3160,20200407_1536_X1_FAN22341_371f3ae8,covid19-20200407-1586273790,7,V1
NV350345,SHEF-C51E6,20200407_1536_X1_FAN22341_371f3ae8,covid19-20200407-1586273790,6,V1
NV350476,SHEF-D0BBD,20200407_1536_X1_FAN22341_371f3ae8,covid19-20200407-1586273790,5,V1
NV349727,SHEF-CD737,20200407_1536_X1_FAN22341_371f3ae8,covid19-20200407-1586273790,4,V1
NV350110,SHEF-CAA9B,20200407_1536_X1_FAN22341_371f3ae8,covid19-20200407-1586273790,3,V1
NV350361,SHEF-D1ACE,20200407_1536_X1_FAN22341_371f3ae8,covid19-20200407-1586273790,2,V1
NV350479,SHEF-CACC2,20200407_1536_X1_FAN22341_371f3ae8,covid19-20200407-1586273790,1,V1
NV349354,SHEF-C2D9A,20200406_1531_X3_FAL86668_f6fbdf72,covid19-20200406-1586187044,16,V3
NV349371,SHEF-D019D,20200406_1531_X3_FAL86668_f6fbdf72,covid19-20200406-1586187044,15,V3
NV349281,SHEF-CD89E,20200406_1531_X3_FAL86668_f6fbdf72,covid19-20200406-1586187044,14,V3
NV348468,SHEF-CC3BC,20200406_1531_X3_FAL86668_f6fbdf72,covid19-20200406-1586187044,13,V3
NV348469,SHEF-CD05A,20200406_1531_X3_FAL86668_f6fbdf72,covid19-20200406-1586187044,12,V3
NV348643,SHEF-C3036,20200406_1531_X3_FAL86668_f6fbdf72,covid19-20200406-1586187044,11,V3
NV349149,SHEF-C8C2E,20200406_1531_X3_FAL86668_f6fbdf72,covid19-20200406-1586187044,10,V3
NV392078,SHEF-C764F,20200406_1531_X3_FAL86668_f6fbdf72,covid19-20200406-1586187044,9,V3
NV348702,SHEF-CBFE6,20200406_1531_X3_FAL86668_f6fbdf72,covid19-20200406-1586187044,8,V3
NV349301,SHEF-D19C1,20200406_1531_X3_FAL86668_f6fbdf72,covid19-20200406-1586187044,7,V3
NV349357,SHEF-D0D99,20200406_1531_X3_FAL86668_f6fbdf72,covid19-20200406-1586187044,6,V3
NV349148,SHEF-C9D84,20200406_1531_X3_FAL86668_f6fbdf72,covid19-20200406-1586187044,5,V3
NV391546,SHEF-C3E0F,20200408_1734_X3_FAN22873_6c2a2761,covid19-20200408-1586366756,19,V1
NV347238,SHEF-CD8AD,20200408_1734_X3_FAN22873_6c2a2761,covid19-20200408-1586366756,18,V1
NV349873,SHEF-C5FEC,20200408_1734_X3_FAN22873_6c2a2761,covid19-20200408-1586366756,17,V1
NV349094,SHEF-C1706,20200408_1734_X3_FAN22873_6c2a2761,covid19-20200408-1586366756,16,V1
NV350105,SHEF-CBCC1,20200408_1734_X3_FAN22873_6c2a2761,covid19-20200408-1586366756,15,V1
NV350083,SHEF-CFEB8,20200408_1734_X3_FAN22873_6c2a2761,covid19-20200408-1586366756,14,V1
NV349739,SHEF-D269C,20200408_1734_X3_FAN22873_6c2a2761,covid19-20200408-1586366756,13,V1
NV350990,SHEF-D29EE,20200408_1734_X3_FAN22873_6c2a2761,covid19-20200408-1586366756,12,V1
NV350116,SHEF-CE138,20200408_1734_X3_FAN22873_6c2a2761,covid19-20200408-1586366756,11,V1
NV349902,SHEF-CB001,20200408_1734_X3_FAN22873_6c2a2761,covid19-20200408-1586366756,10,V1
NV349740,SHEF-CD39D,20200408_1734_X3_FAN22873_6c2a2761,covid19-20200408-1586366756,9,V1
NV350074,SHEF-D15BE,20200408_1734_X3_FAN22873_6c2a2761,covid19-20200408-1586366756,8,V1
NV350554,SHEF-CD1B1,20200408_1734_X3_FAN22873_6c2a2761,covid19-20200408-1586366756,7,V1
NV349721,SHEF-CFDCA,20200408_1734_X3_FAN22873_6c2a2761,covid19-20200408-1586366756,6,V1
NV350801,SHEF-CB317,20200408_1734_X3_FAN22873_6c2a2761,covid19-20200408-1586366756,5,V1
NV350475,SHEF-D0528,20200408_1734_X3_FAN22873_6c2a2761,covid19-20200408-1586366756,4,V1
NV350487,SHEF-C15FD,20200408_1734_X3_FAN22873_6c2a2761,covid19-20200408-1586366756,3,V1
NV350186,SHEF-CCDFA,20200408_1734_X3_FAN22873_6c2a2761,covid19-20200408-1586366756,2,V1
NV349244,SHEF-CBC58,20200408_1734_X3_FAN22873_6c2a2761,covid19-20200408-1586366756,1,V1
NV350187,SHEF-CF322,20200406_1524_X1_FAN47535_04caf868,covid19-20200406-1586186626,24,V3
NV349997,SHEF-C2626,20200406_1524_X1_FAN47535_04caf868,covid19-20200406-1586186626,23,V3
NV349737,SHEF-C151B,20200406_1524_X1_FAN47535_04caf868,covid19-20200406-1586186626,22,V3
NV349996,SHEF-CFE03,20200406_1524_X1_FAN47535_04caf868,covid19-20200406-1586186626,21,V3
NV349859,SHEF-CA0B7,20200406_1524_X1_FAN47535_04caf868,covid19-20200406-1586186626,20,V3
NV349995,SHEF-C6EA2,20200406_1524_X1_FAN47535_04caf868,covid19-20200406-1586186626,19,V3
NV348691,SHEF-CFA4B,20200406_1524_X1_FAN47535_04caf868,covid19-20200406-1586186626,18,V3
NV349726,SHEF-C7296,20200406_1524_X1_FAN47535_04caf868,covid19-20200406-1586186626,17,V3
NV349863,SHEF-CA020,20200406_1524_X1_FAN47535_04caf868,covid19-20200406-1586186626,16,V3
NV349871,SHEF-C2CF7,20200406_1524_X1_FAN47535_04caf868,covid19-20200406-1586186626,15,V3
NV348570,SHEF-CB5E4,20200406_1524_X1_FAN47535_04caf868,covid19-20200406-1586186626,14,V3
NV350992,SHEF-C5359,20200406_1524_X1_FAN47535_04caf868,covid19-20200406-1586186626,13,V3
NV350123,SHEF-C0FB4,20200406_1524_X1_FAN47535_04caf868,covid19-20200406-1586186626,12,V3
NV350130,SHEF-C6C11,20200406_1524_X1_FAN47535_04caf868,covid19-20200406-1586186626,11,V3
NV350827,SHEF-CC905,20200406_1524_X1_FAN47535_04caf868,covid19-20200406-1586186626,10,V3
NV349890,SHEF-C1B64,20200406_1524_X1_FAN47535_04caf868,covid19-20200406-1586186626,9,V3
NV349267,SHEF-CF340,20200406_1524_X1_FAN47535_04caf868,covid19-20200406-1586186626,8,V3
NV349897,SHEF-CD97D,20200406_1524_X1_FAN47535_04caf868,covid19-20200406-1586186626,7,V3
NV348792,SHEF-C56AB,20200406_1524_X1_FAN47535_04caf868,covid19-20200406-1586186626,6,V3
NV350176,SHEF-CBECB,20200406_1524_X1_FAN47535_04caf868,covid19-20200406-1586186626,5,V3
NV350769,SHEF-C64CE,20200406_1524_X1_FAN47535_04caf868,covid19-20200406-1586186626,4,V3
NV349858,SHEF-C426C,20200406_1524_X1_FAN47535_04caf868,covid19-20200406-1586186626,3,V3
NV349879,SHEF-CA1F0,20200406_1524_X1_FAN47535_04caf868,covid19-20200406-1586186626,2,V3
NV350171,SHEF-D1F56,20200406_1524_X1_FAN47535_04caf868,covid19-20200406-1586186626,1,V3
NV345446,SHEF-C05A3,20200402_1605_X3_FAN47611_fec32d3c,nCOV2019_Run12,13,V3
NV350393,SHEF-C093E,20200403_1329_X2_FAL86668_44b62fc3,nCOV2019_Run15,3,V3
NV348580,SHEF-C07AD,20200403_1328_X1_FAL90953_895331a4,nCOV2019_Run14,2,V3
NV348788,SHEF-C07DA,20200403_1328_X1_FAL90953_895331a4,nCOV2019_Run14,5,V3
NV349084,SHEF-C079E,20200403_1328_X1_FAL90953_895331a4,nCOV2019_Run14,1,V3
NV349141,SHEF-C07CB,20200403_1328_X1_FAL90953_895331a4,nCOV2019_Run14,4,V3
NV349349,SHEF-C07BC,20200403_1328_X1_FAL90953_895331a4,nCOV2019_Run14,3,V3
NV392081,SHEF-C07E9,20200403_1328_X1_FAL90953_895331a4,nCOV2019_Run14,6,V3
NV346656,SHEF-C08E6,20200403_1328_X1_FAL90953_895331a4,nCOV2019_Run14,22,V3
NV391965,SHEF-C0831,20200403_1328_X1_FAL90953_895331a4,nCOV2019_Run14,11,V3
NV347814,SHEF-C086E,20200403_1328_X1_FAL90953_895331a4,nCOV2019_Run14,14,V3
NV347579,SHEF-C08AA,20200403_1328_X1_FAL90953_895331a4,nCOV2019_Run14,18,V3
NV391798,SHEF-C08C8,20200403_1328_X1_FAL90953_895331a4,nCOV2019_Run14,20,V3
NV391791,SHEF-C0813,20200403_1328_X1_FAL90953_895331a4,nCOV2019_Run14,9,V3
NV391790,SHEF-C0804,20200403_1328_X1_FAL90953_895331a4,nCOV2019_Run14,8,V3
NV391922,SHEF-C087D,20200403_1328_X1_FAL90953_895331a4,nCOV2019_Run14,15,V3
NV391929,SHEF-C0822,20200403_1328_X1_FAL90953_895331a4,nCOV2019_Run14,10,V3
NV347211,SHEF-C0901,20200403_1328_X1_FAL90953_895331a4,nCOV2019_Run14,24,V3
NV347227,SHEF-C08B9,20200403_1328_X1_FAL90953_895331a4,nCOV2019_Run14,19,V3
NV346718,SHEF-C089B,20200403_1328_X1_FAL90953_895331a4,nCOV2019_Run14,17,V3
NV346716,SHEF-C08F5,20200403_1328_X1_FAL90953_895331a4,nCOV2019_Run14,23,V3
NV345621,SHEF-C088C,20200403_1328_X1_FAL90953_895331a4,nCOV2019_Run14,16,V3
NV345545,SHEF-C07F8,20200403_1328_X1_FAL90953_895331a4,nCOV2019_Run14,7,V3
NV345183,SHEF-C092F,20200403_1329_X2_FAL86668_44b62fc3,nCOV2019_Run15,2,V3
NV342584,SHEF-C0840,20200403_1328_X1_FAL90953_895331a4,nCOV2019_Run14,12,V3
NV348457,SHEF-C04A6,20200401_1548_X2_FAN35164_3d69c187,nCOV2019_Run11,20,V3
NV348460,SHEF-C042E,20200401_1548_X2_FAN35164_3d69c187,nCOV2019_Run11,12,V3
NV348498,SHEF-C02CA,20200401_1547_X1_FAL85739_a3ad4bfa,nCOV2019_Run10,13,V3
NV348526,SHEF-C0321,20200401_1547_X1_FAL85739_a3ad4bfa,nCOV2019_Run10,19,V3
NV348566,SHEF-C029D,20200401_1547_X1_FAL85739_a3ad4bfa,nCOV2019_Run10,10,V3
NV348567,SHEF-C0303,20200401_1547_X1_FAL85739_a3ad4bfa,nCOV2019_Run10,17,V3
NV348568,SHEF-C03C7,20200401_1548_X2_FAN35164_3d69c187,nCOV2019_Run11,6,V3
NV348574,SHEF-C038B,20200401_1548_X2_FAN35164_3d69c187,nCOV2019_Run11,2,V3
NV348666,SHEF-C0479,20200401_1548_X2_FAN35164_3d69c187,nCOV2019_Run11,17,V3
NV348648,SHEF-C0242,20200401_1547_X1_FAL85739_a3ad4bfa,nCOV2019_Run10,5,V3
NV348701,SHEF-C0400,20200401_1548_X2_FAN35164_3d69c187,nCOV2019_Run11,10,V3
NV348706,SHEF-C0497,20200401_1548_X2_FAN35164_3d69c187,nCOV2019_Run11,19,V3
NV392071,SHEF-C03F4,20200401_1548_X2_FAN35164_3d69c187,nCOV2019_Run11,9,V3
NV348740,SHEF-C0260,20200401_1547_X1_FAL85739_a3ad4bfa,nCOV2019_Run10,7,V3
NV392084,SHEF-C03A9,20200401_1548_X2_FAN35164_3d69c187,nCOV2019_Run11,4,V3
NV392085,SHEF-C02BB,20200401_1547_X1_FAL85739_a3ad4bfa,nCOV2019_Run10,12,V3
NV349077,SHEF-C044C,20200401_1548_X2_FAN35164_3d69c187,nCOV2019_Run11,14,V3
NV349083,SHEF-C028E,20200401_1547_X1_FAL85739_a3ad4bfa,nCOV2019_Run10,9,V3
NV349143,SHEF-C039A,20200401_1548_X2_FAN35164_3d69c187,nCOV2019_Run11,3,V3
NV349154,SHEF-C0251,20200401_1547_X1_FAL85739_a3ad4bfa,nCOV2019_Run10,6,V3
NV349241,SHEF-C03B8,20200401_1548_X2_FAN35164_3d69c187,nCOV2019_Run11,5,V3
NV349257,SHEF-C0206,20200401_1547_X1_FAL85739_a3ad4bfa,nCOV2019_Run10,1,V3
NV349260,SHEF-C0233,20200401_1547_X1_FAL85739_a3ad4bfa,nCOV2019_Run10,4,V3
NV349289,SHEF-C04C4,20200401_1548_X2_FAN35164_3d69c187,nCOV2019_Run11,22,V3
NV349290,SHEF-C0488,20200401_1548_X2_FAN35164_3d69c187,nCOV2019_Run11,18,V3
NV349276,SHEF-C04B5,20200401_1548_X2_FAN35164_3d69c187,nCOV2019_Run11,21,V3
NV349300,SHEF-C045B,20200401_1548_X2_FAN35164_3d69c187,nCOV2019_Run11,15,V3
NV349359,SHEF-C0215,20200401_1547_X1_FAL85739_a3ad4bfa,nCOV2019_Run10,2,V3
NV349368,SHEF-C034F,20200401_1547_X1_FAL85739_a3ad4bfa,nCOV2019_Run10,21,V3
NV348411,SHEF-C036D,20200401_1547_X1_FAL85739_a3ad4bfa,nCOV2019_Run10,23,V3
NV349340,SHEF-C02E8,20200401_1547_X1_FAL85739_a3ad4bfa,nCOV2019_Run10,15,V3
NV349108,SHEF-C02AC,20200401_1547_X1_FAL85739_a3ad4bfa,nCOV2019_Run10,11,V3
NV349385,SHEF-C027F,20200401_1547_X1_FAL85739_a3ad4bfa,nCOV2019_Run10,8,V3
NV348693,SHEF-C041F,20200401_1548_X2_FAN35164_3d69c187,nCOV2019_Run11,11,V3
NV349053,SHEF-C0224,20200401_1547_X1_FAL85739_a3ad4bfa,nCOV2019_Run10,3,V3
NV349104,SHEF-C03D6,20200401_1548_X2_FAN35164_3d69c187,nCOV2019_Run11,7,V3
NV349335,SHEF-C04D3,20200401_1548_X2_FAN35164_3d69c187,nCOV2019_Run11,23,V3
NV349382,SHEF-C0330,20200401_1547_X1_FAL85739_a3ad4bfa,nCOV2019_Run10,20,V3
NV348787,SHEF-C046A,20200401_1548_X2_FAN35164_3d69c187,nCOV2019_Run11,16,V3
NV349388,SHEF-C0312,20200401_1547_X1_FAL85739_a3ad4bfa,nCOV2019_Run10,18,V3
NV392086,SHEF-C043D,20200401_1548_X2_FAN35164_3d69c187,nCOV2019_Run11,13,V3
NV348641,SHEF-C02D9,20200401_1547_X1_FAL85739_a3ad4bfa,nCOV2019_Run10,14,V3
NV349093,SHEF-C037C,20200401_1548_X2_FAN35164_3d69c187,nCOV2019_Run11,1,V3
NV349092,SHEF-C035E,20200401_1547_X1_FAL85739_a3ad4bfa,nCOV2019_Run10,22,V3
NV349361,SHEF-C03E5,20200401_1548_X2_FAN35164_3d69c187,nCOV2019_Run11,8,V3
NV349362,SHEF-C02F7,20200401_1547_X1_FAL85739_a3ad4bfa,nCOV2019_Run10,16,V3
NV967019,SHEF-BFD09,20200319_2010_X1_FAN35356_fed90d3a,nCOV2019_Run2,6,V2
NV392010,SHEF-C0716,20200402_1608_X4_FAN22340_282c7156,nCOV2019_Run13,12,V3
NV391966,SHEF-C0594,20200402_1605_X3_FAN47611_fec32d3c,nCOV2019_Run12,12,V3
NV391938,SHEF-C052B,20200402_1605_X3_FAN47611_fec32d3c,nCOV2019_Run12,5,V3
NV391913,SHEF-BFF9A,20200327_2023_X1_FAN22719_72ccf100,nCOV2019_Run7,18,V1
NV391907,SHEF-BFF7C,20200327_2023_X1_FAN22719_72ccf100,nCOV2019_Run7,16,V1
NV391899,SHEF-C0154,20200330_1628_X1_FAL85796_b0ce4943,nCOV2019_Run8,24,V1
NV391898,SHEF-C01FA,20200330_1630_X2_FAL53749_26754f94,nCOV2019_Run9,10,V1
NV391896,SHEF-BFEE8,20200327_2023_X1_FAN22719_72ccf100,nCOV2019_Run7,7,V1
NV391894,SHEF-C0127,20200330_1628_X1_FAL85796_b0ce4943,nCOV2019_Run8,21,V1
NV391891,SHEF-BFF30,20200327_2023_X1_FAN22719_72ccf100,nCOV2019_Run7,12,V1
NV391890,SHEF-BFFA9,20200327_2023_X1_FAN22719_72ccf100,nCOV2019_Run7,19,V1
NV391889,SHEF-C01CD,20200330_1630_X2_FAL53749_26754f94,nCOV2019_Run9,7,V1
NV391888,SHEF-BFE8E,20200327_2023_X1_FAN22719_72ccf100,nCOV2019_Run7,1,V1
NV391887,SHEF-BFEF7,20200327_2023_X1_FAN22719_72ccf100,nCOV2019_Run7,8,V1
NV391881,SHEF-BFF12,20200327_2023_X1_FAN22719_72ccf100,nCOV2019_Run7,10,V1
NV391874,SHEF-BFFB8,20200327_2023_X1_FAN22719_72ccf100,nCOV2019_Run7,20,V1
NV391873,SHEF-BFFE5,20200327_2023_X1_FAN22719_72ccf100,nCOV2019_Run7,23,V1
NV391854,SHEF-C0145,20200330_1628_X1_FAL85796_b0ce4943,nCOV2019_Run8,23,V1
NV391801,SHEF-C0691,20200402_1608_X4_FAN22340_282c7156,nCOV2019_Run13,4,V3
NV391793,SHEF-C0682,20200402_1608_X4_FAN22340_282c7156,nCOV2019_Run13,3,V3
NV391786,SHEF-C050D,20200402_1605_X3_FAN47611_fec32d3c,nCOV2019_Run12,3,V3
NV391547,SHEF-C053A,20200402_1605_X3_FAN47611_fec32d3c,nCOV2019_Run12,6,V3
NV391540,SHEF-C0664,20200402_1608_X4_FAN22340_282c7156,nCOV2019_Run13,1,V3
NV391539,SHEF-C0628,20200402_1605_X3_FAN47611_fec32d3c,nCOV2019_Run12,21,V3
NV391526,SHEF-C051C,20200402_1605_X3_FAN47611_fec32d3c,nCOV2019_Run12,4,V3
NV391521,SHEF-C0770,20200402_1608_X4_FAN22340_282c7156,nCOV2019_Run13,18,V3
NV391519,SHEF-C0084,20200330_1628_X1_FAL85796_b0ce4943,nCOV2019_Run8,10,V1
NV391518,SHEF-C0743,20200402_1608_X4_FAN22340_282c7156,nCOV2019_Run13,15,V3
NV347955,SHEF-C0637,20200402_1605_X3_FAN47611_fec32d3c,nCOV2019_Run12,22,V3
NV347869,SHEF-C0734,20200402_1608_X4_FAN22340_282c7156,nCOV2019_Run13,14,V3
NV347847,SHEF-C05FE,20200402_1605_X3_FAN47611_fec32d3c,nCOV2019_Run12,18,V3
NV347800,SHEF-C05B2,20200402_1605_X3_FAN47611_fec32d3c,nCOV2019_Run12,14,V3
NV347633,SHEF-C06CE,20200402_1608_X4_FAN22340_282c7156,nCOV2019_Run13,7,V3
NV347623,SHEF-C05D0,20200402_1605_X3_FAN47611_fec32d3c,nCOV2019_Run12,16,V3
NV347619,SHEF-C0585,20200402_1605_X3_FAN47611_fec32d3c,nCOV2019_Run12,11,V3
NV347604,SHEF-C06BF,20200402_1608_X4_FAN22340_282c7156,nCOV2019_Run13,6,V3
NV347595,SHEF-C0549,20200402_1605_X3_FAN47611_fec32d3c,nCOV2019_Run12,7,V3
NV347589,SHEF-C06DD,20200402_1608_X4_FAN22340_282c7156,nCOV2019_Run13,8,V3
NV347560,SHEF-C0673,20200402_1608_X4_FAN22340_282c7156,nCOV2019_Run13,2,V3
NV347557,SHEF-BFEAC,20200327_2023_X1_FAN22719_72ccf100,nCOV2019_Run7,3,V1
NV347531,SHEF-BFF03,20200327_2023_X1_FAN22719_72ccf100,nCOV2019_Run7,9,V1
NV347530,SHEF-BFFC7,20200327_2023_X1_FAN22719_72ccf100,nCOV2019_Run7,21,V1
NV347511,SHEF-BFEBB,20200327_2023_X1_FAN22719_72ccf100,nCOV2019_Run7,4,V1
NV347510,SHEF-C01AF,20200330_1630_X2_FAL53749_26754f94,nCOV2019_Run9,5,V1
NV347500,SHEF-BFED9,20200327_2023_X1_FAN22719_72ccf100,nCOV2019_Run7,6,V1
NV347497,SHEF-BFF5E,20200327_2023_X1_FAN22719_72ccf100,nCOV2019_Run7,14,V1
NV347496,SHEF-C01BE,20200330_1630_X2_FAL53749_26754f94,nCOV2019_Run9,6,V1
NV347494,SHEF-BFF6D,20200327_2023_X1_FAN22719_72ccf100,nCOV2019_Run7,15,V1
NV347477,SHEF-C01EB,20200330_1630_X2_FAL53749_26754f94,nCOV2019_Run9,9,V1
NV347473,SHEF-BFFD6,20200327_2023_X1_FAN22719_72ccf100,nCOV2019_Run7,22,V1
NV347469,SHEF-C0163,20200330_1630_X2_FAL53749_26754f94,nCOV2019_Run9,1,V1
NV347459,SHEF-BFF4F,20200327_2023_X1_FAN22719_72ccf100,nCOV2019_Run7,13,V1
NV347458,SHEF-BFF21,20200327_2023_X1_FAN22719_72ccf100,nCOV2019_Run7,11,V1
NV347457,SHEF-C0190,20200330_1630_X2_FAL53749_26754f94,nCOV2019_Run9,4,V1
NV347456,SHEF-BFF8B,20200327_2023_X1_FAN22719_72ccf100,nCOV2019_Run7,17,V1
NV347450,SHEF-C0118,20200330_1628_X1_FAL85796_b0ce4943,nCOV2019_Run8,19,V1
NV347447,SHEF-C0172,20200330_1630_X2_FAL53749_26754f94,nCOV2019_Run9,2,V1
NV347445,SHEF-BFE9D,20200327_2023_X1_FAN22719_72ccf100,nCOV2019_Run7,2,V1
NV347442,SHEF-C0181,20200330_1630_X2_FAL53749_26754f94,nCOV2019_Run9,3,V1
NV347429,SHEF-C0725,20200402_1608_X4_FAN22340_282c7156,nCOV2019_Run13,13,V3
NV346714,SHEF-C0752,20200402_1608_X4_FAN22340_282c7156,nCOV2019_Run13,16,V3
NV346623,SHEF-C04E2,20200402_1605_X3_FAN47611_fec32d3c,nCOV2019_Run12,1,V3
NV346449,SHEF-C06FB,20200402_1608_X4_FAN22340_282c7156,nCOV2019_Run13,10,V3
NV346407,SHEF-C078F,20200402_1608_X4_FAN22340_282c7156,nCOV2019_Run13,19,V3
NV346303,SHEF-C0057,20200330_1628_X1_FAL85796_b0ce4943,nCOV2019_Run8,7,V1
NV346298,SHEF-C00DF,20200330_1628_X1_FAL85796_b0ce4943,nCOV2019_Run8,15,V1
NV346297,SHEF-C0093,20200330_1628_X1_FAL85796_b0ce4943,nCOV2019_Run8,11,V1
NV346234,SHEF-C04F1,20200402_1605_X3_FAN47611_fec32d3c,nCOV2019_Run12,2,V3
NV346187,SHEF-C0707,20200402_1608_X4_FAN22340_282c7156,nCOV2019_Run13,11,V3
NV346096,SHEF-C0075,20200330_1628_X1_FAL85796_b0ce4943,nCOV2019_Run8,9,V1
NV346083,SHEF-C002A,20200330_1628_X1_FAL85796_b0ce4943,nCOV2019_Run8,4,V1
NV345803,SHEF-C000C,20200330_1628_X1_FAL85796_b0ce4943,nCOV2019_Run8,2,V1
NV345787,SHEF-C00EE,20200330_1628_X1_FAL85796_b0ce4943,nCOV2019_Run8,16,V1
NV345779,SHEF-C0039,20200330_1628_X1_FAL85796_b0ce4943,nCOV2019_Run8,5,V1
NV345552,SHEF-C00B1,20200330_1628_X1_FAL85796_b0ce4943,nCOV2019_Run8,13,V1
NV345469,SHEF-C0066,20200330_1628_X1_FAL85796_b0ce4943,nCOV2019_Run8,8,V1
NV345457,SHEF-C0646,20200402_1605_X3_FAN47611_fec32d3c,nCOV2019_Run12,23,V3
NV345399,SHEF-C06A0,20200402_1608_X4_FAN22340_282c7156,nCOV2019_Run13,5,V3
NV345390,SHEF-BFFF4,20200330_1628_X1_FAL85796_b0ce4943,nCOV2019_Run8,1,V1
NV345182,SHEF-C05C1,20200402_1605_X3_FAN47611_fec32d3c,nCOV2019_Run12,15,V3
NV344918,SHEF-C001B,20200330_1628_X1_FAL85796_b0ce4943,nCOV2019_Run8,3,V1
NV344891,SHEF-C0576,20200402_1605_X3_FAN47611_fec32d3c,nCOV2019_Run12,10,V3
NV344890,SHEF-C060A,20200402_1605_X3_FAN47611_fec32d3c,nCOV2019_Run12,19,V3
NV344658,SHEF-C00A2,20200330_1628_X1_FAL85796_b0ce4943,nCOV2019_Run8,12,V1
NV344572,SHEF-C0048,20200330_1628_X1_FAL85796_b0ce4943,nCOV2019_Run8,6,V1
NV343865,SHEF-C00FD,20200330_1628_X1_FAL85796_b0ce4943,nCOV2019_Run8,17,V1
NV343508,SHEF-BFD81,20200326_1605_X1_FAN35296_fa664391,nCOV2019_Run5,3,V1
NV343507,SHEF-BFE42,20200325_1606_X2_FAN35387_45fbb56f,nCOV2019_Run6,6,V1
NV343506,SHEF-BFDAF,20200326_1605_X1_FAN35296_fa664391,nCOV2019_Run5,5,V1
NV343504,SHEF-BFDFA,20200325_1606_X2_FAN35387_45fbb56f,nCOV2019_Run6,1,V1
NV343503,SHEF-BFE15,20200325_1606_X2_FAN35387_45fbb56f,nCOV2019_Run6,3,V1
NV343411,SHEF-C0619,20200402_1605_X3_FAN47611_fec32d3c,nCOV2019_Run12,20,V3
NV343400,SHEF-BFD90,20200326_1605_X1_FAN35296_fa664391,nCOV2019_Run5,4,V1
NV343392,SHEF-BFDBE,20200326_1605_X1_FAN35296_fa664391,nCOV2019_Run5,6,V1
NV343389,SHEF-BFD63,20200326_1605_X1_FAN35296_fa664391,nCOV2019_Run5,1,V1
NV343139,SHEF-BFE24,20200325_1606_X2_FAN35387_45fbb56f,nCOV2019_Run6,4,V1
NV342887,SHEF-BFE06,20200325_1606_X2_FAN35387_45fbb56f,nCOV2019_Run6,2,V1
NV342577,SHEF-C00C0,20200330_1628_X1_FAL85796_b0ce4943,nCOV2019_Run8,14,V1
NV342554,SHEF-BFE51,20200325_1606_X2_FAN35387_45fbb56f,nCOV2019_Run6,7,V1
NV342519,SHEF-BFE33,20200325_1606_X2_FAN35387_45fbb56f,nCOV2019_Run6,5,V1
NV342512,SHEF-BFD72,20200326_1605_X1_FAN35296_fa664391,nCOV2019_Run5,2,V1
NV342511,SHEF-BFDCD,20200326_1605_X1_FAN35296_fa664391,nCOV2019_Run5,7,V1
NV342506,SHEF-BFDEB,20200326_1605_X1_FAN35296_fa664391,nCOV2019_Run5,9,V1
NV341556,SHEF-C0655,20200402_1605_X3_FAN47611_fec32d3c,nCOV2019_Run12,24,V3
NV341491,SHEF-BFE7F,20200325_1606_X2_FAN35387_45fbb56f,nCOV2019_Run6,9,V1
NV340431,SHEF-BFCFD,20200319_2010_X1_FAN35356_fed90d3a,nCOV2019_Run2,5,V2
NV340430,SHEF-BFD18,20200319_2010_X1_FAN35356_fed90d3a,nCOV2019_Run2,7,V2
NV340407,SHEF-BFD45,20200319_2010_X1_FAN35356_fed90d3a,nCOV2019_Run2,10,V2
NV340352,SHEF-BFD36,20200319_2010_X1_FAN35356_fed90d3a,nCOV2019_Run2,9,V2
NV340204,SHEF-BFCEE,20200319_2010_X1_FAN35356_fed90d3a,nCOV2019_Run2,4,V2
NV339908,SHEF-BFE60,20200325_1606_X2_FAN35387_45fbb56f,nCOV2019_Run6,8,V1
NV339205,SHEF-BFD54,20200319_2010_X1_FAN35356_fed90d3a,nCOV2019_Run2,11,V2
NV339203,SHEF-BFC93,20200311_1901_X1_FAL86498_e2a3335b,nCOV2019_Run1,1,V1
NV338995,SHEF-BFCB1,20200319_2010_X1_FAN35356_fed90d3a,nCOV2019_Run2,1,V2
NV338991,SHEF-BFD27,20200319_2010_X1_FAN35356_fed90d3a,nCOV2019_Run2,8,V2
NV338989,SHEF-BFCC0,20200319_2010_X1_FAN35356_fed90d3a,nCOV2019_Run2,2,V2
NV338988,SHEF-BFCDF,20200319_2010_X1_FAN35356_fed90d3a,nCOV2019_Run2,3,V2
NV338643,SHEF-BFCA2,20200311_1901_X1_FAL86498_e2a3335b,nCOV2019_Run1,2,V1
